id,name,handle,youtube_channel_id,youtube,instagram,tiktok,facebook,website,language,focus,avatar_url,verified,notes
stefan-milo,Stefan Milo,@stefanmilo,UCZ9jWH_8tJ-Nmaj8dSQdEYA,https://www.youtube.com/@stefanmilo,,,,,en,"Human origins, prehistory, archaeology explainers",,yes,
toldinstone,toldinstone (Garrett Ryan),@toldinstone,UCqBiWcuTF8IaLH7wBqnihsQ,https://www.youtube.com/@toldinstone,,,,https://toldinstone.com,en,"Roman and Greek daily life, architecture, ancient sites",,yes,
fall-of-civilizations,Fall of Civilizations (Paul Cooper),@FallofCivilizations,UCT6Y5JJPKe_JDMivpKgVXew,https://www.youtube.com/@FallofCivilizations,,,,https://fallofcivilizationspodcast.com,en,Long-form narratives on the collapse of societies,,yes,
historia-civilis,Historia Civilis,@HistoriaCivilis,UCv_vLHiWVBh_FR9vbeuiY-A,https://www.youtube.com/@HistoriaCivilis,,,,https://historiacivilis.com,en,"Late Roman Republic and post-Napoleonic Europe, animated",,yes,
miniminuteman,Miniminuteman (Milo Rossi),@miniminuteman773,UC-SrCCzkGq0wmSAuRs7EBFg,https://www.youtube.com/@miniminuteman773,,,,,en,"Archaeology and pseudo-archaeology debunking, long and short form",,yes,Handle is @miniminuteman773; @miniminuteman is a different person
kings-and-generals,Kings and Generals,@KingsandGenerals,UCMmaBzfCCwZ2KqaBJjkj0fw,https://www.youtube.com/@KingsandGenerals,,,,,en,"Animated military history, ancient to modern",,yes,Sister channel The Cold War is a separate feed
dan-davis-history,Dan Davis History,@DanDavisHistory,UCUVwT8zcS5Z_rYXnpomlbfg,https://www.youtube.com/@DanDavisHistory,,,,,en,"Ice Age Europe, Bronze Age and Indo-European steppe cultures",,yes,Separate from his books/writing channel
ancient-americas,Ancient Americas,@AncientAmericas,UCEqNbbsx0i7fhwRt0saYIcQ,https://www.youtube.com/@AncientAmericas,,,,,en,"Pre-Columbian cultures of North, Central and South America",,yes,A Spanish-language sister channel exists separately
history-hit,History Hit,@HistoryHit,UCZwU2G-KVl-P-O-B35chZOQ,https://www.youtube.com/@HistoryHit,,,,https://www.historyhit.com,en,"Documentary channel, on-site archaeology and interviews",,yes,
metatron,Metatron History,@Metatronrealhistory,UCz5tEKcTA_Zy6h047_8ZBqg,https://www.youtube.com/@Metatronrealhistory,,,,,en,"Arms and armour, medieval and ancient material culture",,yes,History spin-off of the main @metatronyt variety channel
archaeosoup,Archaeosoup,@Archaeosoup,UCbO0fKBwsSVkaepqscBSrpA,https://www.youtube.com/@Archaeosoup,,,,,en,British archaeology news and site reports,,yes,"Channel verified but its RSS feed returns no recent uploads, so no items indexed"
premodernist,Premodernist,@premodernist_history,UC2xHMABk_sX2aC14-D7OhIw,https://www.youtube.com/@premodernist_history,,,,,en,"Medieval and early modern history, academic myth-busting",,yes,
ancient-girl,Ancient Girl,@ancientstuffgirl,UCgNZEmq8Vm0vIrTndBONRDg,https://www.youtube.com/@ancientstuffgirl,https://www.instagram.com/ancientstuffgirl/,https://www.tiktok.com/@ancientstuffgirl,https://www.facebook.com/profile.php?id=61592129370779&sk=reels_tab,,en,"Ancient Greece, mythology and Greek language, short-form",,yes,"Reel-first creator. Facebook reels are behind a login wall and have no enumerable permalinks, so only the YouTube Shorts are indexed as items."
time-team,Time Team Official,@TimeTeamOfficial,UCDvcavTI2xgfXZdF9MaPKIQ,https://www.youtube.com/@TimeTeamOfficial,,,,,en,"Live British excavations, geophysics and field archaeology",,yes,
time-team-classics,Time Team Classics,@TimeTeamClassics,UCvmEISc6e4tLwn8TyS14ncw,https://www.youtube.com/@TimeTeamClassics,,,,,en,"Full episodes from the Channel 4 archive, one site per episode",,yes,
prehistory-guys,The Prehistory Guys,@ThePrehistoryGuys,UCiqJJdLFUaWLpTeuNmmJTXA,https://www.youtube.com/@ThePrehistoryGuys,,,,,en,"Prehistoric archaeology, megaliths, news and site films",,yes,
scholagladiatoria,scholagladiatoria,@scholagladiatoria,UCt14YOvYhd5FCGCwcjhrOdA,https://www.youtube.com/@scholagladiatoria,,,,,en,"Historical arms, armour and fighting technique",,yes,
archeostoria,ARCHEOSTORIA,@ArcheoStoria,UCls8uALcC-12HjmLS6SdDDw,https://www.youtube.com/@ArcheoStoria,,,,,it,"Divulgazione storica e archeologica, dalla preistoria al medioevo",,yes,
storia-ditalia,Storia d’Italia,@storiaditalia,UCyelWkwSs4F3yCPj-55suEA,https://www.youtube.com/@storiaditalia,,,,,it,"Storia militare e coloniale italiana, Otto e Novecento",,yes,
einfach-antike,Einfach Antike,@EinfachAntike,UCsmcMR9iz5kmxGcvTe9QKQg,https://www.youtube.com/@EinfachAntike,,,,,de,"Griechische und römische Antike, Mythos und Alltag",,yes,
mrwissen2go-geschichte,MrWissen2go Geschichte,@MrWissen2goGeschichte,UCsVWpmoRsNAWZb59b6Pt9Kg,https://www.youtube.com/@MrWissen2goGeschichte,,,,,de,"Allgemeine Geschichte, Antike bis Gegenwart",,yes,Co-branded with ZDF Terra X
terra-x-history,Terra X History,@TerraXHistory,UCA3mpqm67CpJ13YfA8qAnow,https://www.youtube.com/@TerraXHistory,,,,,de,ZDF-Dokumentationen zu Geschichte und Archäologie,,yes,Public broadcaster channel (ZDF)
nota-bene,Nota Bene (Benjamin Brillaud),@NotaBeneMovies,UCP46_MXP_WG_auH88FnfS1A,https://www.youtube.com/@NotaBeneMovies,,,,,fr,"Vulgarisation historique, formats longs et courts",,yes,
le-bizarreum,Le Bizarreum (Juliette Cazes),@LeBizarreum,UCj3ZOi3rawL27HS2Qs3epiA,https://www.youtube.com/@LeBizarreum,,,,,fr,"Archéologie et anthropologie funéraires, rites de la mort",,yes,
revues-du-monde,Les Revues du Monde (Charlie Danger),@LesRevuesduMonde,UCnf0fDz1vTYW-sl36wbVMbg,https://www.youtube.com/@LesRevuesduMonde,,,,,fr,Vulgarisation archéologique et mystères scientifiques,,yes,Recent output ranges well beyond archaeology; only the archaeological items are indexed
inrap,Inrap,@Inrap,UC6Yhg_Phtz-RHX0CBFhU8pA,https://www.youtube.com/@Inrap,,,,,fr,"Archéologie préventive française, rapports de fouille par site",,yes,Institutional channel of the French national preventive-archaeology institute
passe-sauvage,Passé sauvage,@PasseSauvage,UCLhOJJbPciPdocXTaAk2SdA,https://www.youtube.com/@PasseSauvage,,,,,fr,"Préhistoire et anthropologie, déconstruction des mythes",,yes,
pero-eso-es-otra-historia,Pero eso es otra Historia,@PeroEsoEsOtraHistoria,UCBIMW0ZhwULY_x7fdaPRPiQ,https://www.youtube.com/@PeroEsoEsOtraHistoria,,,,,es,"Imperio español, Edad Moderna europea",,yes,
academia-play,Academia Play,@AcademiaPlay,UCv05qOuJ6Igbe-EyQibJgwQ,https://www.youtube.com/@AcademiaPlay,,,,,es,"Divulgación histórica general, antigüedad y religión",,yes,
lindybeige,Lindybeige,@Lindybeige,UC9pgQfOXRsp4UKrI8q0zjXQ,https://www.youtube.com/@Lindybeige,,,,,en,"British history, archaeology and material culture, discursive long-form",,yes,Eclectic channel; archaeology and military history feature regularly
damilee,DamiLee,@DamiLeeArch,UCJ_2hNMxOzNjviJBiLWHMqg,https://www.youtube.com/@DamiLeeArch,,,,,en,"Architectural history: monuments, engineering and how buildings shape behaviour",,yes,"Handle is @DamiLeeArch. @damilee and @damilee_ are a different person. The Shorts are historical monuments; the long-form catalogue is mostly science fiction and contemporary architecture, so only its history items are indexed."
ancient-sites-girl,Ancient Sites Girl,@ancientsitesgirl,UCjUziuWEkHXMauSpyC5b8JQ,https://www.youtube.com/@ancientsitesgirl,,,,,en,"On-site Egyptology: temples, tombs, gods and excavation history, filmed at the sites",,yes,"Presented by Irena. The legacy /c/AncientSites URL resolves to this channel. Not the same creator as Ancient Girl (@ancientstuffgirl), who is also in this directory."
weird-medieval-guys,Weird Medieval Guys,@WeirdMedievalGuys,UCXqcbraX1Qcni5Qf4GZMOzg,https://www.youtube.com/@WeirdMedievalGuys,,,,,en,"Medieval European culture, manuscripts, technology and daily life",,yes,
welsh-viking,The Welsh Viking,@TheWelshViking,UCu-drfhNohk9NVuqzgS6Elw,https://www.youtube.com/@TheWelshViking,,,,,en,"Viking Age and medieval Britain, reenactment and myth-busting",,yes,
tasting-history,Tasting History with Max Miller,@TastingHistory,UCsaGKqPZnGp_7N80hcHySGQ,https://www.youtube.com/@TastingHistory,,,,,en,Historical recipes cooked and placed in their period and country,,yes,
reading-the-past,Reading the Past,@ReadingthePast,UCMeDlpoE4TprIxdeJz97zzQ,https://www.youtube.com/@ReadingthePast,,,,,en,"Late medieval and Tudor England, read through its sources",,yes,
history-time,History Time,@HistoryTime,UCN9v4QG3AQEP3zuRvVs2dAg,https://www.youtube.com/@HistoryTime,,,,,en,Long-form ancient and early medieval documentaries,,yes,
study-antiquity,Study of Antiquity and the Middle Ages,@studyofantiquityandthemidd4449,UCxRSpkGOH_09pxKvgD8S5jQ,https://www.youtube.com/@studyofantiquityandthemidd4449,,,,,en,"Antiquity and the Middle Ages, with a recent North American archaeology strand",,yes,
native-american-history,Native American History,@nativeamericanhistory,UCN6Fs5euLATPnAX2SuW6j_Q,https://www.youtube.com/@nativeamericanhistory,,,,,en,"Post-contact Native American history: the wars, treaties and displacements of North America",,yes,Covers the post-contact period; pre-Columbian North America is covered by Ancient Americas
linfamy,Linfamy,@Linfamy,UCBkqDNqao03ldC3u78-Pp8g,https://www.youtube.com/@Linfamy,,,,,en,"Japanese history from the Kojiki to the Meiji era, with a focus on ordinary lives",,yes,
shogunate,The Shogunate,@TheShogunate,UCQw2yMTqk4AI6QDN_3qZYpg,https://www.youtube.com/@TheShogunate,,,,,en,"Samurai and the Edo period, campaign by campaign",,yes,
history-of-china,History of China,@History_of_China,UCLY-NCXA2dQKyEVKDZ7quHw,https://www.youtube.com/@History_of_China,,,,,en,"Chinese dynastic history, currently a reign-by-reign Ming series",,yes,
china-history-podcast,The China History Podcast,@ChinaHistoryPodcast,UCim2V_PqtJ6_W2fDESGzJHA,https://www.youtube.com/@ChinaHistoryPodcast,,,,,en,Laszlo Montgomery on Chinese history and the Chinese diaspora,,yes,
voices-of-the-past,Voices of the Past,@VoicesofthePast,UCqoGR_EedlhKDVuWNwYWRbg,https://www.youtube.com/@VoicesofthePast,,,,,en,Primary sources read aloud: eyewitnesses describing their own world,,yes,
nativlang,NativLang,@NativLang,UCMk_WSPy3EE16aK5HLzCJzw,https://www.youtube.com/@NativLang,,,,,en,"History of writing systems and languages, from cuneiform to Chinese script",,yes,
cool-history-bros,Cool History Bros,@CoolHistoryBros,UCHDyy66vsajLk4PQBDfAdNA,https://www.youtube.com/@CoolHistoryBros,,,,,en,"Chinese and East Asian history and literature, animated",,yes,No uploads since 2023; the back catalogue remains
sekaishi-sensei,Sekaishi Sensei 世界史の羅針盤,@sekaishi,UCdhw1W3sanDjggpnOGqdI6w,https://www.youtube.com/@sekaishi,,,,,ja,一本一人の世界史人物解説。オスマン帝国・清・ムガル帝国からヨーロッパまで,,yes,"Japanese-language world-history shorts, one historical figure per item"
taiwan-bar,Taiwan Bar 臺灣吧,@taiwanbar,UCRNsHFT7BFoAPBcuAa5sgEQ,https://www.youtube.com/@taiwanbar,,,,,zh,動畫臺灣史與中國史，臺灣觀點的歷史科普,,yes,Chinese-language (Taiwan) animated history; the feed also carries quizzes and課程 previews
life-in-the-past-lane,Dr. Jess Venner,@lifeinthepastlane,UCIXOdkgY6pplwJL9JCc0xEQ,https://www.youtube.com/@lifeinthepastlane,,,,,en,"Roman daily life and Pompeii, from an ancient historian and archaeologist",,yes,"Channel is titled Dr. Jess Venner; the handle is @lifeinthepastlane. Oxford post-doc, author of The Lost Voices of Pompeii."
american-experience,American Experience | PBS,@AmericanExperiencePBS,UC5zrlRzhT_cFI9zT6uQSijg,https://www.youtube.com/@AmericanExperiencePBS,,,,,en,"PBS documentary strand on United States history, published as full films",,yes,"Public broadcaster (PBS, United States)"
rai-cultura,Rai Cultura,@RaiCultura,UCDLYMJX6al0okaalt5yAEFA,https://www.youtube.com/@RaiCultura,,,,,it,Archivio Rai: storia e cronaca del Novecento italiano,,yes,"Italian public broadcaster. Its YouTube presence is a small set of short archive clips; the full catalogue lives on RaiPlay, and Rai Storia has no videos on YouTube at all."
dw-documentary,DW Documentary,@dwdocumentary,UCW39zufHfsuGgpLviKh297Q,https://www.youtube.com/@dwdocumentary,,,,,en,Documentaries from Germany’s international public broadcaster,,yes,Public broadcaster (Deutsche Welle). Output is mostly current affairs; only the history documentaries are indexed.
sleepless-historian,Sleepless Historian,@SleeplessHistorian,UCy3Hgwj12x3fDQUcutNm2DA,https://www.youtube.com/@SleeplessHistorian,,,,,en,"Long-form medieval and ancient social history, made for listening",,yes,
history-buffs,History Buffs,@HistoryBuffs,UCggHoXaj8BQHIiPmOxezeWA,https://www.youtube.com/@HistoryBuffs,,,,,en,"Historical accuracy of film and television, examined scene by scene",,yes,"Rows are indexed to the period each film depicts, not the year the film was made"
kbs-history,KBS 히스토리,@KBSHistory,UCjPqSbyqm5IZEoXu7I-KPag,https://www.youtube.com/@KBSHistory,,,,,ko,KBS의 역사 콘텐츠 공식 채널. 역사스페셜 등 한국사 다큐멘터리,,yes,Korean public broadcaster (KBS). Collects KBS history programming including 역사스페셜; many items are archive broadcasts with the original air date in the title.
canal-encuentro,Canal Encuentro,@encuentro,UC1zLDoKL-eKmd_K7qkUZ-ow,https://www.youtube.com/@encuentro,,,,,es,"Canal público educativo argentino: historia, biografías y cultura",,yes,"Argentine public educational broadcaster, run by the Ministry of Education. Some recent biographies are explicitly AI-produced and are flagged in the notes of those rows."
aljazeera-doc,Al Jazeera Documentary,@aljazeeradocumentary,UC0LSnqrwqtMwl2YwfUpO66g,https://www.youtube.com/@aljazeeradocumentary,,,,,ar,الجزيرة الوثائقية: تاريخ وحضارات ومدن,,yes,"Qatari public broadcaster. Output is mixed nature, current affairs and history; only the history films are indexed."
trt-belgesel,TRT Belgesel,@trtbelgesel,UCdVBWUBCuREx1Q2Ikw9R8Mw,https://www.youtube.com/@trtbelgesel,,,,,tr,"TRT belgesel kanalı: tarihî mimari, camiler ve Anadolu",,yes,Turkish public broadcaster (TRT). Mostly nature and travel; the historic-architecture strand Mabedin Gölgesinde is what is indexed here.
africa-history-channel,Africa History Channel,@AfricaHistoryChannel,UCaPrp1WeRVcKVoj8Y_jb7Lg,https://www.youtube.com/channel/UCaPrp1WeRVcKVoj8Y_jb7Lg,,,,,en,"Animated African history: West African empires, the Shona states and southern Africa",,yes,No uploads since late 2024; the back catalogue is what is indexed.
historia-brasil-tv,História do Brasil TV,@historiadobrasiltv,UCL5Hqs-zEttfUx0kScDzYHQ,https://www.youtube.com/channel/UCL5Hqs-zEttfUx0kScDzYHQ,,,,,pt,"História do Brasil em debate: escravidão, império, ditadura e historiografia",,yes,Academic Brazilian history channel. Dormant since 2023.
indian-history-archaeology,Indian History & Archaeology,@IndianHistoryArchaeology,UCyMhJcuZ5WNyXKpZFx511Kw,https://www.youtube.com/channel/UCyMhJcuZ5WNyXKpZFx511Kw,,,,,en,"Indian archaeology: Harappan sites, excavations and interviews with field archaeologists",,yes,The channel mixes field archaeology with Hindu calendar and festival content; only the archaeology is indexed.
historia-id,Historia.ID,@HistoriaId-Majalah,UCdIto7ZTtq-86D91G5B2U-g,https://www.youtube.com/channel/UCdIto7ZTtq-86D91G5B2U-g,,https://www.tiktok.com/@historiadotid,,https://historia.id,id,Majalah sejarah Indonesia: dari Nusantara kuno sampai sejarah kontemporer,,yes,"Indonesia’s first online history magazine, edited by Bonnie Triyana. Also publishes short-form on TikTok as @historiadotid, which has no public feed, so only the YouTube items are indexed."
sejarah-seru,Sejarah Seru,@sejarahseru,UCr3MTZ3qgm0BScXJw98w70A,https://www.youtube.com/channel/UCr3MTZ3qgm0BScXJw98w70A,,https://www.tiktok.com/@sejarahseru.id,,,id,"Sejarah Indonesia modern: G30S, Orde Baru, dan peristiwa yang jarang dibahas",,yes,"Also posts short-form on TikTok as @sejarahseru.id, which cannot be enumerated publicly."
ar-kaiji,Ar Kaiji Historian,@ArKaijiHistorian,UCg_IAQY7Yy6DuHDYhg33Tkw,https://www.youtube.com/channel/UCg_IAQY7Yy6DuHDYhg33Tkw,,,,,id,"Penjelajahan museum dan situs sejarah Indonesia, format pendek",,yes,Small and recent channel by Lifardo Neloe; mostly site and museum visits rather than narrative history.
