influencer_id,video_id,title,published,url,thumbnail
academia-play,_fgNJrbLDg8,El mito de la religión como motor de todas las guerras,2026-09-10,https://www.youtube.com/watch?v=_fgNJrbLDg8,https://i.ytimg.com/vi/_fgNJrbLDg8/hqdefault.jpg
academia-play,tPVN_x0ENaU,Así la lió Dalí en la TV,2026-09-15,https://www.youtube.com/watch?v=tPVN_x0ENaU,https://i.ytimg.com/vi/tPVN_x0ENaU/hqdefault.jpg
academia-play,a3DCWGdS8fw,La historia de los Testigos de Jehová,2026-09-16,https://www.youtube.com/watch?v=a3DCWGdS8fw,https://i.ytimg.com/vi/a3DCWGdS8fw/hqdefault.jpg
academia-play,xaXo8C_al34,Moisés y el Éxodo como relato nacional,2026-09-16,https://www.youtube.com/watch?v=xaXo8C_al34,https://i.ytimg.com/vi/xaXo8C_al34/hqdefault.jpg
academia-play,v64jDxXWSjI,"Pensacola, la ciudad de las 5 banderas",2026-09-21,https://www.youtube.com/watch?v=v64jDxXWSjI,https://i.ytimg.com/vi/v64jDxXWSjI/hqdefault.jpg
academia-play,ByE-fnDdQxE,¿Por qué Suiza es tan rica? La historia de un milagro,2026-09-24,https://www.youtube.com/watch?v=ByE-fnDdQxE,https://i.ytimg.com/vi/ByE-fnDdQxE/hqdefault.jpg
academia-play,vS20kXaDEEw,El Camino Real de Tierra Adentro,2026-09-25,https://www.youtube.com/watch?v=vS20kXaDEEw,https://i.ytimg.com/vi/vS20kXaDEEw/hqdefault.jpg
academia-play,seWg0VKSBuE,Felipe II y el palo de Campeche,2026-09-27,https://www.youtube.com/watch?v=seWg0VKSBuE,https://i.ytimg.com/vi/seWg0VKSBuE/hqdefault.jpg
africa-history-channel,gBmqmbx5dh0,Tunde Leye on Power and relationships with Power in #AfonjaTheFall,2022-06-18,https://www.youtube.com/watch?v=gBmqmbx5dh0,https://i.ytimg.com/vi/gBmqmbx5dh0/hqdefault.jpg
africa-history-channel,_LGYOtxKyCc,Tunde Leye on a death in #AfonjaTheFall and the significance of death itself.,2022-06-20,https://www.youtube.com/watch?v=_LGYOtxKyCc,https://i.ytimg.com/vi/_LGYOtxKyCc/hqdefault.jpg
africa-history-channel,PFe5XFfyMRc,Check out the new Africa History Channel Intro,2022-11-09,https://www.youtube.com/watch?v=PFe5XFfyMRc,https://i.ytimg.com/vi/PFe5XFfyMRc/hqdefault.jpg
africa-history-channel,TYksSkuNmV0,Our next video is something very exciting. in not one but two parts of Africa. Can you guess?,2023-06-13,https://www.youtube.com/watch?v=TYksSkuNmV0,https://i.ytimg.com/vi/TYksSkuNmV0/hqdefault.jpg
africa-history-channel,IGPkMmNEzeU,Gearing up for our next video. Subscribe to the channel #empire #animation #history #africa africa,2023-08-12,https://www.youtube.com/watch?v=IGPkMmNEzeU,https://i.ytimg.com/vi/IGPkMmNEzeU/hqdefault.jpg
aljazeera-doc,vG_HEA7_u9Y,سر حركة تمثال الحرية,2026-09-28,https://www.youtube.com/watch?v=vG_HEA7_u9Y,https://i.ytimg.com/vi/vG_HEA7_u9Y/hqdefault.jpg
aljazeera-doc,tkWttPHqHh8,غلاف تمثال الحرية معلق بشرائح مرنة,2026-09-28,https://www.youtube.com/watch?v=tkWttPHqHh8,https://i.ytimg.com/vi/tkWttPHqHh8/hqdefault.jpg
aljazeera-doc,kt3e1XvGkB0,الهيكل الخفي لتمثال الحرية,2026-09-28,https://www.youtube.com/watch?v=kt3e1XvGkB0,https://i.ytimg.com/vi/kt3e1XvGkB0/hqdefault.jpg
aljazeera-doc,XP1-my41Jok,كيف كسبت ثورة يوليو 1952 تأييد الفلاحين؟,2026-09-29,https://www.youtube.com/watch?v=XP1-my41Jok,https://i.ytimg.com/vi/XP1-my41Jok/hqdefault.jpg
aljazeera-doc,nEpJlwiOwvI,رسالة إلى الأسير حسن سلامة من خطيبته | أنتظرك بأمل وصبر,2026-09-29,https://www.youtube.com/watch?v=nEpJlwiOwvI,https://i.ytimg.com/vi/nEpJlwiOwvI/hqdefault.jpg
aljazeera-doc,xzt7UcnlpIY,طلب أمريكي وإسرائيلي.. كيف أصبحت أثواب فلسطين قطعا متحفية؟,2026-09-29,https://www.youtube.com/watch?v=xzt7UcnlpIY,https://i.ytimg.com/vi/xzt7UcnlpIY/hqdefault.jpg
aljazeera-doc,7rvFCh0-RlQ,كائنات مجهرية تنتج ربع أكسجين الأرض,2026-09-29,https://www.youtube.com/watch?v=7rvFCh0-RlQ,https://i.ytimg.com/vi/7rvFCh0-RlQ/hqdefault.jpg
aljazeera-doc,JHcb_8HYHxg,آخر عجائب العالم القديم,2026-09-29,https://www.youtube.com/watch?v=JHcb_8HYHxg,https://i.ytimg.com/vi/JHcb_8HYHxg/hqdefault.jpg
american-experience,Au2-FzD9wp8,"""And then they were gone.""",2026-09-11,https://www.youtube.com/watch?v=Au2-FzD9wp8,https://i.ytimg.com/vi/Au2-FzD9wp8/hqdefault.jpg
american-experience,Ov_LP3jTqhk,The photos that made Bonnie & Clyde famous,2026-09-14,https://www.youtube.com/watch?v=Ov_LP3jTqhk,https://i.ytimg.com/vi/Ov_LP3jTqhk/hqdefault.jpg
american-experience,vY4btwARXZQ,America’s forgotten terrorist attack,2026-09-16,https://www.youtube.com/watch?v=vY4btwARXZQ,https://i.ytimg.com/vi/vY4btwARXZQ/hqdefault.jpg
american-experience,VEEoC1D4Ln4,The photo that took down the Wild Bunch,2026-09-18,https://www.youtube.com/watch?v=VEEoC1D4Ln4,https://i.ytimg.com/vi/VEEoC1D4Ln4/hqdefault.jpg
american-experience,JHmfAUFuJpw,Boston’s Gilded Age rebel,2026-09-21,https://www.youtube.com/watch?v=JHmfAUFuJpw,https://i.ytimg.com/vi/JHmfAUFuJpw/hqdefault.jpg
american-experience,Re0411EQWK4,Do you know this shocking story?,2026-09-23,https://www.youtube.com/watch?v=Re0411EQWK4,https://i.ytimg.com/vi/Re0411EQWK4/hqdefault.jpg
american-experience,WS9F512Ee2s,Could you stay at ONE job your whole life?,2026-09-25,https://www.youtube.com/watch?v=WS9F512Ee2s,https://i.ytimg.com/vi/WS9F512Ee2s/hqdefault.jpg
american-experience,wvKC3W4WZBg,Lyndon Johnson’s legendary powers of persuasion,2026-09-29,https://www.youtube.com/watch?v=wvKC3W4WZBg,https://i.ytimg.com/vi/wvKC3W4WZBg/hqdefault.jpg
ancient-americas,5UqxOlwSMqM,Indigenous Fire and Why Burning is Good,2025-07-24,https://www.youtube.com/watch?v=5UqxOlwSMqM,https://i.ytimg.com/vi/5UqxOlwSMqM/hqdefault.jpg
ancient-americas,SnCctMd_jNk,Travel with us to Mexico City in 2026!,2025-12-09,https://www.youtube.com/watch?v=SnCctMd_jNk,https://i.ytimg.com/vi/SnCctMd_jNk/hqdefault.jpg
ancient-americas,qtsw8mRyB0U,Chachapoyas: Life and Death in the Clouds,2026-09-28,https://www.youtube.com/watch?v=qtsw8mRyB0U,https://i.ytimg.com/vi/qtsw8mRyB0U/hqdefault.jpg
ancient-sites-girl,8KRH-HzHzXA,Ancient Egyptian Judgment of the Dead EXPLAINED | History Podcast,2026-09-19,https://www.youtube.com/watch?v=8KRH-HzHzXA,https://i.ytimg.com/vi/8KRH-HzHzXA/hqdefault.jpg
ar-kaiji,3w-IDZlcgGU,**Serasa di dunia fantasi** | Vlog Bandung | Part 4,2023-12-26,https://www.youtube.com/watch?v=3w-IDZlcgGU,https://i.ytimg.com/vi/3w-IDZlcgGU/hqdefault.jpg
ar-kaiji,HdTIXS5Vxg4,**Akhirnya Pulang** | Vlog Bandung | Part 5,2024-03-12,https://www.youtube.com/watch?v=HdTIXS5Vxg4,https://i.ytimg.com/vi/HdTIXS5Vxg4/hqdefault.jpg
ar-kaiji,yz11H0sWcw0,**Pertama Kali Main Jauh** | Gombong - Yogyakarta | Part 1,2024-06-25,https://www.youtube.com/watch?v=yz11H0sWcw0,https://i.ytimg.com/vi/yz11H0sWcw0/hqdefault.jpg
ar-kaiji,boQu81a6kgE,**Akhirnya Pulang Juga Dari Yogyakarta** | Vlog-Gombong-Yogyakarta| Part 6,2025-07-28,https://www.youtube.com/watch?v=boQu81a6kgE,https://i.ytimg.com/vi/boQu81a6kgE/hqdefault.jpg
ar-kaiji,CO9X5nWaEm8,**Saat Menjadi Pintar di Taman Ini** | Gombong-Yogyakarra | Part 4,2025-07-28,https://www.youtube.com/watch?v=CO9X5nWaEm8,https://i.ytimg.com/vi/CO9X5nWaEm8/hqdefault.jpg
ar-kaiji,i_yhHqLHpFM,"**Jalan-Jalan di Malioboro"" | Gombong-Yogyakarta | Part 3",2025-07-28,https://www.youtube.com/watch?v=i_yhHqLHpFM,https://i.ytimg.com/vi/i_yhHqLHpFM/hqdefault.jpg
ar-kaiji,cwwsBvMzNT4,Upcoming Future Concept Video,2025-08-01,https://www.youtube.com/watch?v=cwwsBvMzNT4,https://i.ytimg.com/vi/cwwsBvMzNT4/hqdefault.jpg
ar-kaiji,Up9DM1dyDN0,WELCOME TO AR KAIJI: HISTORY IN MOTION,2025-08-01,https://www.youtube.com/watch?v=Up9DM1dyDN0,https://i.ytimg.com/vi/Up9DM1dyDN0/hqdefault.jpg
archeostoria,e_zn0Jp0Y4U,I longobardi tra archeologia e rievocazione. Ne parliamo con @LaFara568,2025-11-13,https://www.youtube.com/watch?v=e_zn0Jp0Y4U,https://i.ytimg.com/vi/e_zn0Jp0Y4U/hqdefault.jpg
archeostoria,PogVEtwMW8A,L'attacco a Pearl Harbor.#shorts #reels #accaddeoggi #ww2 #battle #pearlharbor #usa #japan,2025-12-07,https://www.youtube.com/watch?v=PogVEtwMW8A,https://i.ytimg.com/vi/PogVEtwMW8A/hqdefault.jpg
archeostoria,MoApkJCd6_w,"Archeologia cristiana, l'archeologia che non ti aspetti: dalle origini a Costantino. Parte prima",2026-02-12,https://www.youtube.com/watch?v=MoApkJCd6_w,https://i.ytimg.com/vi/MoApkJCd6_w/hqdefault.jpg
archeostoria,sCGljveqGGU,La nascita del New Model Army. #shorts #inghilterra #army #war #accaddeoggi #guerracivile #perte,2026-02-15,https://www.youtube.com/watch?v=sCGljveqGGU,https://i.ytimg.com/vi/sCGljveqGGU/hqdefault.jpg
archeostoria,Crdm89DHmnE,Archeologia cristiana l'archeologia che non ti aspetti: da Costantino al monachesimo. Parte seconda,2026-02-26,https://www.youtube.com/watch?v=Crdm89DHmnE,https://i.ytimg.com/vi/Crdm89DHmnE/hqdefault.jpg
archeostoria,spIbHctftQo,Quando il governo comunista polacco ha favorito la carriera di Karol Wojtyla. #storia #stalin #papa,2026-03-23,https://www.youtube.com/watch?v=spIbHctftQo,https://i.ytimg.com/vi/spIbHctftQo/hqdefault.jpg
archeostoria,a7WsB3lVXNU,La Battaglia di Québec. #accaddeoggi #francia #inghilterra #quebec #canada #guerra #shorts #viral,2026-09-13,https://www.youtube.com/watch?v=a7WsB3lVXNU,https://i.ytimg.com/vi/a7WsB3lVXNU/hqdefault.jpg
archeostoria,ACao0lIHa5Y,Gli scavi di Harappa.#shortvideo #reels #accaddeoggi #india #pakistan #civiltàantica#civiltàperdute,2026-09-20,https://www.youtube.com/watch?v=ACao0lIHa5Y,https://i.ytimg.com/vi/ACao0lIHa5Y/hqdefault.jpg
canal-encuentro,qnx_PHMtEzs,Rubén Rada: Pura Música y Candombe | Encuentro en el Estudio | Encuentro,2026-08-27,https://www.youtube.com/watch?v=qnx_PHMtEzs,https://i.ytimg.com/vi/qnx_PHMtEzs/hqdefault.jpg
canal-encuentro,NVervSrn1Hg,Rubén Rada: A Pura música y candombe | Encuentro en el Estudio | ENCUENTRO,2026-08-27,https://www.youtube.com/watch?v=NVervSrn1Hg,https://i.ytimg.com/vi/NVervSrn1Hg/hqdefault.jpg
canal-encuentro,Mitmii_wA1A,Golfo San Jorge | Atlántico Sur | Encuentro,2026-09-03,https://www.youtube.com/watch?v=Mitmii_wA1A,https://i.ytimg.com/vi/Mitmii_wA1A/hqdefault.jpg
canal-encuentro,TI50D3Q1I2s,Eduardo Stupía: El Arte del Dibujo | Los Visuales | Encuentro,2026-09-09,https://www.youtube.com/watch?v=TI50D3Q1I2s,https://i.ytimg.com/vi/TI50D3Q1I2s/hqdefault.jpg
canal-encuentro,8mX5D98qifs,Bioy Casares: El Padre de la Ciencia Ficción Argentina | Nacidos por Escrito | Encuentro,2026-09-15,https://www.youtube.com/watch?v=8mX5D98qifs,https://i.ytimg.com/vi/8mX5D98qifs/hqdefault.jpg
canal-encuentro,EuvrqbL8Hz4,Alejandro Virasoro: El Padre del Art Decó | Arquitectos. Maestros del Espacio | Encuentro,2026-09-21,https://www.youtube.com/watch?v=EuvrqbL8Hz4,https://i.ytimg.com/vi/EuvrqbL8Hz4/hqdefault.jpg
canal-encuentro,cK5ZIFJ_xck,Las Aves más Asombrosas del Litoral Argentino | Flora y Fauna | Encuentro,2026-09-22,https://www.youtube.com/watch?v=cK5ZIFJ_xck,https://i.ytimg.com/vi/cK5ZIFJ_xck/hqdefault.jpg
canal-encuentro,awzgtA9PP2c,Alfa Centauro: Inoxidable Argentino | Inoxidables | Encuentro,2026-09-23,https://www.youtube.com/watch?v=awzgtA9PP2c,https://i.ytimg.com/vi/awzgtA9PP2c/hqdefault.jpg
china-history-podcast,3Mk1PuJAhlM,A Useful Chengyu - Hébù Shí Ròumí 何不食肉糜,2025-11-09,https://www.youtube.com/watch?v=3Mk1PuJAhlM,https://i.ytimg.com/vi/3Mk1PuJAhlM/hqdefault.jpg
china-history-podcast,w5fmTedU7Vk,Ep. 371 | Choie Sew Hoy and the Sinking of the S.S. Ventnor,2026-01-28,https://www.youtube.com/watch?v=w5fmTedU7Vk,https://i.ytimg.com/vi/w5fmTedU7Vk/hqdefault.jpg
china-history-podcast,acZwZrK7LXk,This Was Funnier in China | Laszlo and Jesse Appell,2026-02-04,https://www.youtube.com/watch?v=acZwZrK7LXk,https://i.ytimg.com/vi/acZwZrK7LXk/hqdefault.jpg
china-history-podcast,qSMdCyNvVQ0,A word from Laszlo,2026-05-07,https://www.youtube.com/watch?v=qSMdCyNvVQ0,https://i.ytimg.com/vi/qSMdCyNvVQ0/hqdefault.jpg
china-history-podcast,Nl9Yi_O3fnw,One more word from Laszlo,2026-08-20,https://www.youtube.com/watch?v=Nl9Yi_O3fnw,https://i.ytimg.com/vi/Nl9Yi_O3fnw/hqdefault.jpg
china-history-podcast,N59vxiPeeQA,A Concise History of China-Pangu to Puyi - Part 3,2026-09-09,https://www.youtube.com/watch?v=N59vxiPeeQA,https://i.ytimg.com/vi/N59vxiPeeQA/hqdefault.jpg
china-history-podcast,_-UkNp0Lte4,A Concise History of China-Pangu to Puyi - Part 4,2026-09-16,https://www.youtube.com/watch?v=_-UkNp0Lte4,https://i.ytimg.com/vi/_-UkNp0Lte4/hqdefault.jpg
china-history-podcast,eIRI7dVbkhY,A Concise History of China-Pangu to Puyi - Part 5,2026-09-23,https://www.youtube.com/watch?v=eIRI7dVbkhY,https://i.ytimg.com/vi/eIRI7dVbkhY/hqdefault.jpg
cool-history-bros,nvai1lCAq0U,Water Margin - EP2 – Flowery Monk & Panther Head (Chinese Classic Summarized),2022-08-28,https://www.youtube.com/watch?v=nvai1lCAq0U,https://i.ytimg.com/vi/nvai1lCAq0U/hqdefault.jpg
cool-history-bros,BCsg4TbTGrw,Water Margin - EP3 – Leaders of Mount Liang (Chinese Classic Summarized),2022-09-11,https://www.youtube.com/watch?v=BCsg4TbTGrw,https://i.ytimg.com/vi/BCsg4TbTGrw/hqdefault.jpg
cool-history-bros,-KZXswL7-no,Water Margin - EP4 – What They Don't Want You To Know About Wu Song (Chinese Classic Summarized),2022-09-28,https://www.youtube.com/watch?v=-KZXswL7-no,https://i.ytimg.com/vi/-KZXswL7-no/hqdefault.jpg
cool-history-bros,fyZF3vRvylQ,Water Margin - EP5 – Song Jiang - The Two Faced Charmer (Chinese Classic Summarized),2022-10-10,https://www.youtube.com/watch?v=fyZF3vRvylQ,https://i.ytimg.com/vi/fyZF3vRvylQ/hqdefault.jpg
cool-history-bros,FbWCfRIU0OU,Water Margin - EP6 – Song Jiang's Dark Art of War (Chinese Classic Summarized),2022-10-23,https://www.youtube.com/watch?v=FbWCfRIU0OU,https://i.ytimg.com/vi/FbWCfRIU0OU/hqdefault.jpg
cool-history-bros,iARCaZ3hA-0,Water Margin - EP7 – 108 Stars of Destiny Assembled (Chinese Classic Summarized),2022-11-07,https://www.youtube.com/watch?v=iARCaZ3hA-0,https://i.ytimg.com/vi/iARCaZ3hA-0/hqdefault.jpg
cool-history-bros,lg352-S5Fqs,Water Margin - EP8 (Final) – Starfall - The Final Campaign (Chinese Classic Summarized),2022-11-21,https://www.youtube.com/watch?v=lg352-S5Fqs,https://i.ytimg.com/vi/lg352-S5Fqs/hqdefault.jpg
cool-history-bros,As3spsX-uiw,Short History of Chinese Otaku Culture - Building A Pop Culture Industry From Scratch,2023-01-05,https://www.youtube.com/watch?v=As3spsX-uiw,https://i.ytimg.com/vi/As3spsX-uiw/hqdefault.jpg
damilee,zvJ9n-hSY3M,Minas Tirith Was Never a Fortress. It's a Labyrinth.,2026-07-19,https://www.youtube.com/watch?v=zvJ9n-hSY3M,https://i.ytimg.com/vi/zvJ9n-hSY3M/hqdefault.jpg
damilee,FnPo0eTIRJQ,Why This Cyberpunk City is Dying,2026-08-21,https://www.youtube.com/watch?v=FnPo0eTIRJQ,https://i.ytimg.com/vi/FnPo0eTIRJQ/hqdefault.jpg
damilee,Jyyoo2x9N54,The Most Popular Pyramid Theory Has a Huge Problem,2026-09-15,https://www.youtube.com/watch?v=Jyyoo2x9N54,https://i.ytimg.com/vi/Jyyoo2x9N54/hqdefault.jpg
damilee,TPTtcV3qJ4U,Is Chongqing REALLY a Cyberpunk City?,2026-09-27,https://www.youtube.com/watch?v=TPTtcV3qJ4U,https://i.ytimg.com/vi/TPTtcV3qJ4U/hqdefault.jpg
dan-davis-history,xu553yr-mus,Male Beauty and the Warrior Aristocracy #history #archaeology,2026-08-08,https://www.youtube.com/watch?v=xu553yr-mus,https://i.ytimg.com/vi/xu553yr-mus/hqdefault.jpg
dan-davis-history,YXed7qjG_Uc,Dating in the Aurignacian is Hard #archaeology #history,2026-08-16,https://www.youtube.com/watch?v=YXed7qjG_Uc,https://i.ytimg.com/vi/YXed7qjG_Uc/hqdefault.jpg
dan-davis-history,hNF2yFzeDdk,"Mammoth Hunters, Stonehenge and the Slavs | The Story of I2a",2026-08-30,https://www.youtube.com/watch?v=hNF2yFzeDdk,https://i.ytimg.com/vi/hNF2yFzeDdk/hqdefault.jpg
dan-davis-history,2b8lcoODRJo,The Ice Age Hunter and Bear Found Dead Together #history #archeology,2026-09-04,https://www.youtube.com/watch?v=2b8lcoODRJo,https://i.ytimg.com/vi/2b8lcoODRJo/hqdefault.jpg
dan-davis-history,xYDj2M2hLaA,How DNA Traces Your Ancestry Back to the Dawn of Time #history #genetics,2026-09-05,https://www.youtube.com/watch?v=xYDj2M2hLaA,https://i.ytimg.com/vi/xYDj2M2hLaA/hqdefault.jpg
dan-davis-history,Jkiv8WJ37mU,Neolithic Origins of the Bronze Age Solar Cult? #history #archeology,2026-09-06,https://www.youtube.com/watch?v=Jkiv8WJ37mU,https://i.ytimg.com/vi/Jkiv8WJ37mU/hqdefault.jpg
dan-davis-history,Tt9LVx47PzI,Venus Figurines and the Truth About Ice Age Diets,2026-09-20,https://www.youtube.com/watch?v=Tt9LVx47PzI,https://i.ytimg.com/vi/Tt9LVx47PzI/hqdefault.jpg
dan-davis-history,F0QctdJU420,What Were the Ice Age Venus Figurines? #history #archaeology,2026-09-22,https://www.youtube.com/watch?v=F0QctdJU420,https://i.ytimg.com/vi/F0QctdJU420/hqdefault.jpg
dirt-diaries,aaQAjhInW-c,Friday Finds: 4000 yr old cuneiform tablets read #history #archaeology #fyp,2026-07-03,https://www.youtube.com/watch?v=aaQAjhInW-c,https://i.ytimg.com/vi/aaQAjhInW-c/hqdefault.jpg
dirt-diaries,0swPKXwC-RQ,Ruin my Monday: 2700 yr old sword found #history #ancienthistory #sword #fyp #archaeology,2026-07-06,https://www.youtube.com/watch?v=0swPKXwC-RQ,https://i.ytimg.com/vi/0swPKXwC-RQ/hqdefault.jpg
dirt-diaries,UOrCjkjXbtE,Ruin my Monday: 1800 yr old mosaic naming pets #history #archaeology #fyp,2026-08-31,https://www.youtube.com/watch?v=UOrCjkjXbtE,https://i.ytimg.com/vi/UOrCjkjXbtE/hqdefault.jpg
dirt-diaries,TDPsof-CtHk,"Friday Finds: 4400 yr old tomb, 105 sq m mosaic and more! #Archaeology #History #AncientHistory #fyp",2026-09-11,https://www.youtube.com/watch?v=TDPsof-CtHk,https://i.ytimg.com/vi/TDPsof-CtHk/hqdefault.jpg
dirt-diaries,M3Ii7JFVACo,#NatGeoCollab check out LION streaming now on Disney+ and Hulu 🦁,2026-09-15,https://www.youtube.com/watch?v=M3Ii7JFVACo,https://i.ytimg.com/vi/M3Ii7JFVACo/hqdefault.jpg
dirt-diaries,AMVvIcWCJuE,"#NatGeoCollab This July, I got to travel with National Geographic-Lindblad Expeditions",2026-09-17,https://www.youtube.com/watch?v=AMVvIcWCJuE,https://i.ytimg.com/vi/AMVvIcWCJuE/hqdefault.jpg
dirt-diaries,3_WVHQa-c-U,#NatGeoCollab Unpack my bag with me after coming back from Türkiye and Greece with @NatGeo #history,2026-09-24,https://www.youtube.com/watch?v=3_WVHQa-c-U,https://i.ytimg.com/vi/3_WVHQa-c-U/hqdefault.jpg
dw-documentary,JO3rIECI_u0,"Storms, waves and risky maneuvers - The most dangerous job in the North Sea? | DW Documentary",2026-09-20,https://www.youtube.com/watch?v=JO3rIECI_u0,https://i.ytimg.com/vi/JO3rIECI_u0/hqdefault.jpg
dw-documentary,L_AbIqaeLKk,Rivers under pressure - From drought and competing agendas | DW Documentary,2026-09-22,https://www.youtube.com/watch?v=L_AbIqaeLKk,https://i.ytimg.com/vi/L_AbIqaeLKk/hqdefault.jpg
dw-documentary,DcIh5Qcdw3g,Life on the autism spectrum (2/2) | DW Documentary,2026-09-23,https://www.youtube.com/watch?v=DcIh5Qcdw3g,https://i.ytimg.com/vi/DcIh5Qcdw3g/hqdefault.jpg
dw-documentary,l1GzjKrKMIo,Life on the autism spectrum (1/2) | DW Documentary,2026-09-23,https://www.youtube.com/watch?v=l1GzjKrKMIo,https://i.ytimg.com/vi/l1GzjKrKMIo/hqdefault.jpg
dw-documentary,3R0KUTrglD8,How dependent is Germany on skilled workers from abroad? | DW Documentary,2026-09-25,https://www.youtube.com/watch?v=3R0KUTrglD8,https://i.ytimg.com/vi/3R0KUTrglD8/hqdefault.jpg
dw-documentary,k0lmdrCTIT8,India's little-known minority - The Siddi and the Olympic dream | DW Documentary,2026-09-26,https://www.youtube.com/watch?v=k0lmdrCTIT8,https://i.ytimg.com/vi/k0lmdrCTIT8/hqdefault.jpg
dw-documentary,DwADRlQ7PY0,Deceptively real and life-threatening - On the trail of product counterfeiters | DW Documentary,2026-09-27,https://www.youtube.com/watch?v=DwADRlQ7PY0,https://i.ytimg.com/vi/DwADRlQ7PY0/hqdefault.jpg
dw-documentary,yMDLQYul8RI,How Germany's healthcare system relies on skilled workers from abroad | DW Documentary,2026-09-27,https://www.youtube.com/watch?v=yMDLQYul8RI,https://i.ytimg.com/vi/yMDLQYul8RI/hqdefault.jpg
einfach-antike,C6O_p_Nsuc4,Die Vorsokratiker – Die Entdeckung des Logos – Einfach Antike – Der Podcast,2026-05-08,https://www.youtube.com/watch?v=C6O_p_Nsuc4,https://i.ytimg.com/vi/C6O_p_Nsuc4/hqdefault.jpg
einfach-antike,sL1sE_E7cFI,5 Fehlentscheidungen der Antike – Einfach Antike,2026-05-17,https://www.youtube.com/watch?v=sL1sE_E7cFI,https://i.ytimg.com/vi/sL1sE_E7cFI/hqdefault.jpg
einfach-antike,NRXc5cdCSNA,Arbeit in der Antike – Traumberufe oder Knochenjobs? – Einfach Antike – Der Podcast,2026-06-05,https://www.youtube.com/watch?v=NRXc5cdCSNA,https://i.ytimg.com/vi/NRXc5cdCSNA/hqdefault.jpg
einfach-antike,htYPQEcZRL4,Apuleius – Wahre Liebe oder schwarze Magie? – True Crime Antike,2026-06-14,https://www.youtube.com/watch?v=htYPQEcZRL4,https://i.ytimg.com/vi/htYPQEcZRL4/hqdefault.jpg
einfach-antike,ZrumsreEGC8,"Der ""Kreislauf der Verfassungen"" – Ein Naturgesetz der Macht? – Einfach Antike – Der Podcast",2026-07-03,https://www.youtube.com/watch?v=ZrumsreEGC8,https://i.ytimg.com/vi/ZrumsreEGC8/hqdefault.jpg
einfach-antike,AfcV8HXuipQ,Homers Odyssee – Eine Reise zwischen Mythos und Identität – Einfach Antike,2026-07-12,https://www.youtube.com/watch?v=AfcV8HXuipQ,https://i.ytimg.com/vi/AfcV8HXuipQ/hqdefault.jpg
einfach-antike,8ubEq7XVprY,Roms bekanntester Geschichtsschreiber – Wer war Tacitus?,2026-09-06,https://www.youtube.com/watch?v=8ubEq7XVprY,https://i.ytimg.com/vi/8ubEq7XVprY/hqdefault.jpg
einfach-antike,_Ch3Ea9lMXk,Das Wrack von Uluburun: Ein Handelsschiff aus der Bronzezeit – Fundstück Antike – Einfach Antike,2026-09-20,https://www.youtube.com/watch?v=_Ch3Ea9lMXk,https://i.ytimg.com/vi/_Ch3Ea9lMXk/hqdefault.jpg
fall-of-civilizations,2mqX9twdyYo,17. Carthage - Empire of the Phoenicians,2023-04-11,https://www.youtube.com/watch?v=2mqX9twdyYo,https://i.ytimg.com/vi/2mqX9twdyYo/hqdefault.jpg
fall-of-civilizations,2cuh1oxLHDU,18. Egypt - Fall of the Pharaohs,2024-02-01,https://www.youtube.com/watch?v=2cuh1oxLHDU,https://i.ytimg.com/vi/2cuh1oxLHDU/hqdefault.jpg
fall-of-civilizations,YyqS9V7yHQA,19. The Mongols - Terror of the Steppe,2024-12-04,https://www.youtube.com/watch?v=YyqS9V7yHQA,https://i.ytimg.com/vi/YyqS9V7yHQA/hqdefault.jpg
fall-of-civilizations,2dWOB4bWriM,Fall of Civilizations: Stories of Greatness and Decline - coming soon in paperback!,2025-03-23,https://www.youtube.com/watch?v=2dWOB4bWriM,https://i.ytimg.com/vi/2dWOB4bWriM/hqdefault.jpg
fall-of-civilizations,QtTkaL9-3qk,Thank you to everyone on YouTube!,2025-03-27,https://www.youtube.com/watch?v=QtTkaL9-3qk,https://i.ytimg.com/vi/QtTkaL9-3qk/hqdefault.jpg
fall-of-civilizations,qRYdivPIWh4,20. Persia - An Empire in Ashes,2025-11-12,https://www.youtube.com/watch?v=qRYdivPIWh4,https://i.ytimg.com/vi/qRYdivPIWh4/hqdefault.jpg
fall-of-civilizations,CAsKpXoxZAQ,20. Persia - An Empire in Ashes,2025-12-16,https://www.youtube.com/watch?v=CAsKpXoxZAQ,https://i.ytimg.com/vi/CAsKpXoxZAQ/hqdefault.jpg
fall-of-civilizations,wP14-UMT3dk,21. Majapahit - Empire of the Islands,2026-09-25,https://www.youtube.com/watch?v=wP14-UMT3dk,https://i.ytimg.com/vi/wP14-UMT3dk/hqdefault.jpg
historia-brasil-tv,V3XnWx9g8b8,Marias e Franciscos: Baian@s e suas escolhas na época da Independência I História do Brasil TV,2022-09-15,https://www.youtube.com/watch?v=V3XnWx9g8b8,https://i.ytimg.com/vi/V3XnWx9g8b8/hqdefault.jpg
historia-brasil-tv,OWBtbwtxWik,Campanha APOIE A RNHB I História do Brasil TV,2022-10-29,https://www.youtube.com/watch?v=OWBtbwtxWik,https://i.ytimg.com/vi/OWBtbwtxWik/hqdefault.jpg
historia-brasil-tv,YxAILQZWQ94,"Pronunciamento de Jair Bolsonaro, depois do silêncio I Historinstante I História do Brasil TV",2022-11-01,https://www.youtube.com/watch?v=YxAILQZWQ94,https://i.ytimg.com/vi/YxAILQZWQ94/hqdefault.jpg
historia-brasil-tv,6QH8q8e09yQ,Bolsonaristas fazem saudação nazista I Historinstante I História do Brasil TV,2022-11-03,https://www.youtube.com/watch?v=6QH8q8e09yQ,https://i.ytimg.com/vi/6QH8q8e09yQ/hqdefault.jpg
historia-brasil-tv,se-L6cnFhQE,Literatura e resistências hoje: uma proposta necessária I História do Brasil TV,2022-11-09,https://www.youtube.com/watch?v=se-L6cnFhQE,https://i.ytimg.com/vi/se-L6cnFhQE/hqdefault.jpg
historia-brasil-tv,9aDtLVTxdDA,Produção de materiais didáticos na Universidade I História do Brasil TV,2022-12-15,https://www.youtube.com/watch?v=9aDtLVTxdDA,https://i.ytimg.com/vi/9aDtLVTxdDA/hqdefault.jpg
historia-brasil-tv,_r5ZBaj6Y2w,"Extrema direita, bolsonarismo e democracia I História do Brasil TV",2023-02-08,https://www.youtube.com/watch?v=_r5ZBaj6Y2w,https://i.ytimg.com/vi/_r5ZBaj6Y2w/hqdefault.jpg
historia-civilis,hvk_XylEmLo,Work.,2023-09-29,https://www.youtube.com/watch?v=hvk_XylEmLo,https://i.ytimg.com/vi/hvk_XylEmLo/hqdefault.jpg
historia-civilis,872JcpP3FEM,The City.,2026-04-18,https://www.youtube.com/watch?v=872JcpP3FEM,https://i.ytimg.com/vi/872JcpP3FEM/hqdefault.jpg
historia-id,GRj00wYjfJM,Rakyat Sabah Membenamkan Matahari Terbit | HISTORIA.ID,2026-09-21,https://www.youtube.com/watch?v=GRj00wYjfJM,https://i.ytimg.com/vi/GRj00wYjfJM/hqdefault.jpg
historia-id,llEWoC7eiso,"Kretek, Warisan yang Terlinting | HISTORIA.ID",2026-09-22,https://www.youtube.com/watch?v=llEWoC7eiso,https://i.ytimg.com/vi/llEWoC7eiso/hqdefault.jpg
historia-id,mdAnHUZunl0,Orang Nias Berontak Kepada Belanda | HISTORIA.ID,2026-09-22,https://www.youtube.com/watch?v=mdAnHUZunl0,https://i.ytimg.com/vi/mdAnHUZunl0/hqdefault.jpg
historia-id,GApLz59dA94,Copet Medan Dihajar “Kingkong” | HISTORIA.ID,2026-09-23,https://www.youtube.com/watch?v=GApLz59dA94,https://i.ytimg.com/vi/GApLz59dA94/hqdefault.jpg
historia-id,vERZ4XU9w-o,Secuil Kisah Persahabatan Sukarno-Hatta | HISTORIA.ID,2026-09-24,https://www.youtube.com/watch?v=vERZ4XU9w-o,https://i.ytimg.com/vi/vERZ4XU9w-o/hqdefault.jpg
historia-id,Io0CHLUAPuc,Bintang untuk Sanin | HISTORIA.ID,2026-09-25,https://www.youtube.com/watch?v=Io0CHLUAPuc,https://i.ytimg.com/vi/Io0CHLUAPuc/hqdefault.jpg
historia-id,Z3tJV9IeAqA,Kutai Kartanegara: Penguasa Sungai Mahakam | HISTORIA.ID,2026-09-25,https://www.youtube.com/watch?v=Z3tJV9IeAqA,https://i.ytimg.com/vi/Z3tJV9IeAqA/hqdefault.jpg
historia-id,rPKx8gzNHb0,KNIL Yahudi Bikin Perkara di Lahat | HISTORIA,2026-09-28,https://www.youtube.com/watch?v=rPKx8gzNHb0,https://i.ytimg.com/vi/rPKx8gzNHb0/hqdefault.jpg
history-buffs,CpZSPAkmXdU,History Buffs: Narcos Season Three - Part Two,2024-07-23,https://www.youtube.com/watch?v=CpZSPAkmXdU,https://i.ytimg.com/vi/CpZSPAkmXdU/hqdefault.jpg
history-buffs,PaP19zwP_zY,History Buffs: Gladiator II Impressions,2024-11-28,https://www.youtube.com/watch?v=PaP19zwP_zY,https://i.ytimg.com/vi/PaP19zwP_zY/hqdefault.jpg
history-buffs,QHLi4soI9W0,History Buffs: WARFARE Impressions,2025-04-08,https://www.youtube.com/watch?v=QHLi4soI9W0,https://i.ytimg.com/vi/QHLi4soI9W0/hqdefault.jpg
history-buffs,zPE95dGPGcg,Why Does Napoleon Have Narcolepsy in This Movie?,2026-03-09,https://www.youtube.com/watch?v=zPE95dGPGcg,https://i.ytimg.com/vi/zPE95dGPGcg/hqdefault.jpg
history-buffs,dTxvIwCx4kg,History Buffs: The Brink of War Impressions,2026-08-12,https://www.youtube.com/watch?v=dTxvIwCx4kg,https://i.ytimg.com/vi/dTxvIwCx4kg/hqdefault.jpg
history-buffs,oRy3pSq9xkE,History Buffs: Enemy at the Gates,2026-09-18,https://www.youtube.com/watch?v=oRy3pSq9xkE,https://i.ytimg.com/vi/oRy3pSq9xkE/hqdefault.jpg
history-hit,Aom1Pl9PSWg,Egyptian Coffins Reveal Shocking Ancient Practice,2026-08-24,https://www.youtube.com/watch?v=Aom1Pl9PSWg,https://i.ytimg.com/vi/Aom1Pl9PSWg/hqdefault.jpg
history-hit,LdOGINMFa9Y,'Pressure' Cast Reveal Unbelievable Story Behind New D-Day Film,2026-09-07,https://www.youtube.com/watch?v=LdOGINMFa9Y,https://i.ytimg.com/vi/LdOGINMFa9Y/hqdefault.jpg
history-hit,wXV0Vj0nBvo,Class Expert LOVES Downton Abbey,2026-09-10,https://www.youtube.com/watch?v=wXV0Vj0nBvo,https://i.ytimg.com/vi/wXV0Vj0nBvo/hqdefault.jpg
history-hit,lgIyAOO6-i4,NEW DISCOVERY: Royal Navy Shipwreck,2026-09-14,https://www.youtube.com/watch?v=lgIyAOO6-i4,https://i.ytimg.com/vi/lgIyAOO6-i4/hqdefault.jpg
history-hit,CAiGtjr6grg,We Explored Most Defended Island in History,2026-09-17,https://www.youtube.com/watch?v=CAiGtjr6grg,https://i.ytimg.com/vi/CAiGtjr6grg/hqdefault.jpg
history-hit,uBpZc5B6R5o,What Happened To The Princes In The Tower?,2026-09-21,https://www.youtube.com/watch?v=uBpZc5B6R5o,https://i.ytimg.com/vi/uBpZc5B6R5o/hqdefault.jpg
history-hit,-lYTYaG6O9Q,We Found The Oldest Pub In London,2026-09-24,https://www.youtube.com/watch?v=-lYTYaG6O9Q,https://i.ytimg.com/vi/-lYTYaG6O9Q/hqdefault.jpg
history-hit,1ya0WMLlduw,The Mysteries of Ancient Ireland | Full Series,2026-09-28,https://www.youtube.com/watch?v=1ya0WMLlduw,https://i.ytimg.com/vi/1ya0WMLlduw/hqdefault.jpg
history-of-china,87uf6DisWLM,CHINA'S LAST EMPEROR - PUYI'S FASCINATING BIOGRAPHY (PART 2),2024-07-05,https://www.youtube.com/watch?v=87uf6DisWLM,https://i.ytimg.com/vi/87uf6DisWLM/hqdefault.jpg
history-of-china,V-5LP7BpVO0,Conquests and Purges - Emperor Hongwu's Brutal Reign,2024-09-27,https://www.youtube.com/watch?v=V-5LP7BpVO0,https://i.ytimg.com/vi/V-5LP7BpVO0/hqdefault.jpg
history-of-china,oiWUWSVUrVI,HOW WERE CHINESE EMPERORS NAMED? - CHINESE IMPERIAL TITLES EXPLAINED,2025-02-21,https://www.youtube.com/watch?v=oiWUWSVUrVI,https://i.ytimg.com/vi/oiWUWSVUrVI/hqdefault.jpg
history-of-china,-UvkuNg0GtQ,History of China - 100K Subscribers Special,2026-05-02,https://www.youtube.com/watch?v=-UvkuNg0GtQ,https://i.ytimg.com/vi/-UvkuNg0GtQ/hqdefault.jpg
history-of-china,RlEoO5_hHn0,Zhuge Liang’s Legacy – Chengdu’s Three Kingdoms Temple (Vlog),2026-09-11,https://www.youtube.com/watch?v=RlEoO5_hHn0,https://i.ytimg.com/vi/RlEoO5_hHn0/hqdefault.jpg
history-time,FdOgoqapBnw,What Happened To The Lost Mycenaean Palace Of Nichoria? - Bronze Age Greece History Documentary,2024-01-31,https://www.youtube.com/watch?v=FdOgoqapBnw,https://i.ytimg.com/vi/FdOgoqapBnw/hqdefault.jpg
history-time,BEn6ZHtMECM,Did Civilisation Begin At Karahan Tepe? - Humanity before Göbekli Tepe // Prehistory Documentary,2024-04-19,https://www.youtube.com/watch?v=BEn6ZHtMECM,https://i.ytimg.com/vi/BEn6ZHtMECM/hqdefault.jpg
history-time,OusqE7gTUOI,The Entire History Of The Hittites / Ancient History Documentary,2024-07-31,https://www.youtube.com/watch?v=OusqE7gTUOI,https://i.ytimg.com/vi/OusqE7gTUOI/hqdefault.jpg
history-time,y7gUyZ_SZQM,SASA Virtual Conference Day 1,2026-07-19,https://www.youtube.com/watch?v=y7gUyZ_SZQM,https://i.ytimg.com/vi/y7gUyZ_SZQM/hqdefault.jpg
history-time,SaDFdjT-oMQ,SASA Virtual Conference Day 2,2026-07-20,https://www.youtube.com/watch?v=SaDFdjT-oMQ,https://i.ytimg.com/vi/SaDFdjT-oMQ/hqdefault.jpg
history-time,6M0qo5SMmRI,What Happened To The Sunken City Of Naxos?,2026-08-28,https://www.youtube.com/watch?v=6M0qo5SMmRI,https://i.ytimg.com/vi/6M0qo5SMmRI/hqdefault.jpg
indian-history-archaeology,-SozLNjnnmM,"Tritiya tithi, Shukla paksha, Vaisakha maas, Samvat 2081 #panchang #hinducalendar",2024-05-09,https://www.youtube.com/watch?v=-SozLNjnnmM,https://i.ytimg.com/vi/-SozLNjnnmM/hqdefault.jpg
indian-history-archaeology,PdvxznDxHcQ,"Chaturthi tithi, Shukla paksha, Vaisakha maas, Samvat 2081 #panchang #hinducalendar",2024-05-10,https://www.youtube.com/watch?v=PdvxznDxHcQ,https://i.ytimg.com/vi/PdvxznDxHcQ/hqdefault.jpg
indian-history-archaeology,AfkxqAczPGk,"Panchami tithi, Shukla paksha, Vaisakha maas, Samvat 2081 #panchang #hinducalendar",2024-05-11,https://www.youtube.com/watch?v=AfkxqAczPGk,https://i.ytimg.com/vi/AfkxqAczPGk/hqdefault.jpg
indian-history-archaeology,wPjhfH8cDeQ,"Shashti tithi, Shukla paksha, Vaisakha maas, Samvat 2081 #panchang #hinducalendar",2024-05-12,https://www.youtube.com/watch?v=wPjhfH8cDeQ,https://i.ytimg.com/vi/wPjhfH8cDeQ/hqdefault.jpg
indian-history-archaeology,106eD7nfM38,"Yatras in July! | Shri Jagannath Rath Yatra-Puri, Pandharpur Yatra-Pune, Kanwar Yatra-Haridwar",2024-07-12,https://www.youtube.com/watch?v=106eD7nfM38,https://i.ytimg.com/vi/106eD7nfM38/hqdefault.jpg
indian-history-archaeology,ZeN0ilZRA8E,Devshayani Ekadashi and Chaturmaas| The Significance | Indian Traditions,2024-07-16,https://www.youtube.com/watch?v=ZeN0ilZRA8E,https://i.ytimg.com/vi/ZeN0ilZRA8E/hqdefault.jpg
indian-history-archaeology,Fz5OdHKhPI0,Chaturmaas and the Festival Season | Everything you want to know about this pious four-month period,2024-07-24,https://www.youtube.com/watch?v=Fz5OdHKhPI0,https://i.ytimg.com/vi/Fz5OdHKhPI0/hqdefault.jpg
indian-history-archaeology,WkxICbNBh48,Indian History & Archaeology Live Stream,2024-08-01,https://www.youtube.com/watch?v=WkxICbNBh48,https://i.ytimg.com/vi/WkxICbNBh48/hqdefault.jpg
inrap,MY56aok2UIE,Journées européennes de l'archéologie 2026,2026-06-05,https://www.youtube.com/watch?v=MY56aok2UIE,https://i.ytimg.com/vi/MY56aok2UIE/hqdefault.jpg
inrap,Nf09kijKmUM,La cavalerie fantôme de Gondole - Éclats d'archéo #8 (Version LSF),2026-06-29,https://www.youtube.com/watch?v=Nf09kijKmUM,https://i.ytimg.com/vi/Nf09kijKmUM/hqdefault.jpg
inrap,Y2Oimn_aUd8,2000 ans d'histoire révélée à Autun,2026-07-06,https://www.youtube.com/watch?v=Y2Oimn_aUd8,https://i.ytimg.com/vi/Y2Oimn_aUd8/hqdefault.jpg
kbs-history,A7TvzYUyjOU,"곤장 규격부터 살인사건 재검토까지, 정조가 직접 바꾼 조선의 사법제도 | 역사스페셜 시간여행자 ""진실을 향한 추적, 정약용의 흠흠신서"" (KBS_2026.09.20 방송)",2026-09-23,https://www.youtube.com/watch?v=A7TvzYUyjOU,https://i.ytimg.com/vi/A7TvzYUyjOU/hqdefault.jpg
kbs-history,12Jhpgr3IYY,"자살로 위장한 살인사건, 조선의 검시법은 어떻게 진실을 밝혀냈나 | 역사스페셜 시간여행자 ""진실을 향한 추적, 정약용의 흠흠신서"" (KBS_2026.09.20 방송)",2026-09-24,https://www.youtube.com/watch?v=12Jhpgr3IYY,https://i.ytimg.com/vi/12Jhpgr3IYY/hqdefault.jpg
kbs-history,1AXHukkfQCs,낙동강 막히자 백두대간을 넘었다! 고립을 뚫어낸 대가야의 바닷길 (KBS_2020.02.19.방송),2026-09-24,https://www.youtube.com/watch?v=1AXHukkfQCs,https://i.ytimg.com/vi/1AXHukkfQCs/hqdefault.jpg
kbs-history,4vfu0Eo3OXE,"정조의 판결에 의문을 던진 정약용, 20년 뒤 완성된 흠흠신서 | 역사스페셜 시간여행자 ""진실을 향한 추적, 정약용의 흠흠신서"" (KBS_2026.09.20 방송)",2026-09-25,https://www.youtube.com/watch?v=4vfu0Eo3OXE,https://i.ytimg.com/vi/4vfu0Eo3OXE/hqdefault.jpg
kbs-history,_N4rz8u_WF0,"푸른 눈의 네덜란드인들, 효종은 왜 그들을 놓아주지 않았나? (KBS_1996.방송)",2026-09-25,https://www.youtube.com/watch?v=_N4rz8u_WF0,https://i.ytimg.com/vi/_N4rz8u_WF0/hqdefault.jpg
kbs-history,x3XBlR2naVw,“역사 앞에 거짓된 글을 쓸 수 없다” 참기자의 평생 신조 (KBS_2003.11.28.방송),2026-09-28,https://www.youtube.com/watch?v=x3XBlR2naVw,https://i.ytimg.com/vi/x3XBlR2naVw/hqdefault.jpg
kbs-history,WkrWSBvS0r8,광개토대왕이 설계한 '동북아 무역 네트워크' (KBS_2000.01.08.방송),2026-09-28,https://www.youtube.com/watch?v=WkrWSBvS0r8,https://i.ytimg.com/vi/WkrWSBvS0r8/hqdefault.jpg
kbs-history,heymu9y4TWM,일본 승려 엔닌의 구법 일기에 숨겨진 장보고의 실체 (KBS_2003.01.05.방송),2026-09-29,https://www.youtube.com/watch?v=heymu9y4TWM,https://i.ytimg.com/vi/heymu9y4TWM/hqdefault.jpg
kings-and-generals,kN2yEEMeIFA,"World War I: Fate of Armenians, Georgians, Azerbaijanis, Kurds and Assyrians",2026-09-20,https://www.youtube.com/watch?v=kN2yEEMeIFA,https://i.ytimg.com/vi/kN2yEEMeIFA/hqdefault.jpg
kings-and-generals,kvGePorewUM,The Scandalous Origin of the First Gallic Sack of Rome,2026-09-21,https://www.youtube.com/watch?v=kvGePorewUM,https://i.ytimg.com/vi/kvGePorewUM/hqdefault.jpg
kings-and-generals,e_CItReyz_0,Why the Pope Crowned Charlemagne Emperor - How Papacy Survived,2026-09-22,https://www.youtube.com/watch?v=e_CItReyz_0,https://i.ytimg.com/vi/e_CItReyz_0/hqdefault.jpg
kings-and-generals,h4dBRGZOUuU,"The 3,000 vs 60,000 ""Battle"" That Conquered India",2026-09-23,https://www.youtube.com/watch?v=h4dBRGZOUuU,https://i.ytimg.com/vi/h4dBRGZOUuU/hqdefault.jpg
kings-and-generals,ZaGZYXgMtgA,What Did the Ancient Greeks and Romans Know About Britain?,2026-09-24,https://www.youtube.com/watch?v=ZaGZYXgMtgA,https://i.ytimg.com/vi/ZaGZYXgMtgA/hqdefault.jpg
kings-and-generals,gehcm3Hx2lI,One Gurkha vs. 40 Armed Bandits: The 2010 Train Fight,2026-09-25,https://www.youtube.com/watch?v=gehcm3Hx2lI,https://i.ytimg.com/vi/gehcm3Hx2lI/hqdefault.jpg
kings-and-generals,3Z5P_TZ0d4o,Skanderbeg’s 25-Year War Against the Ottomans - All Battles EXPLAINED,2026-09-27,https://www.youtube.com/watch?v=3Z5P_TZ0d4o,https://i.ytimg.com/vi/3Z5P_TZ0d4o/hqdefault.jpg
kings-and-generals,QOLrTZmV5Fo,"The Extinction of Africa’s 1,000-Year Christian Empire",2026-09-28,https://www.youtube.com/watch?v=QOLrTZmV5Fo,https://i.ytimg.com/vi/QOLrTZmV5Fo/hqdefault.jpg
le-bizarreum,dylZTED6jmg,Histoire du croque-mort | Pompes funèbres,2021-09-04,https://www.youtube.com/watch?v=dylZTED6jmg,https://i.ytimg.com/vi/dylZTED6jmg/hqdefault.jpg
le-bizarreum,oLm1YWAIrhg,Momies de cuivre ? | Archéologie,2021-11-17,https://www.youtube.com/watch?v=oLm1YWAIrhg,https://i.ytimg.com/vi/oLm1YWAIrhg/hqdefault.jpg
le-bizarreum,WLh6MgHBw20,Petite histoire du poison 🌿,2022-01-04,https://www.youtube.com/watch?v=WLh6MgHBw20,https://i.ytimg.com/vi/WLh6MgHBw20/hqdefault.jpg
le-bizarreum,tFL8t-beL84,Les aborigènes d'Australie et la Mort | Rites funéraires,2022-02-06,https://www.youtube.com/watch?v=tFL8t-beL84,https://i.ytimg.com/vi/tFL8t-beL84/hqdefault.jpg
le-bizarreum,OYQcP9Bl4WM,Soin de thanatopraxie : comment ça se passe ?,2022-10-23,https://www.youtube.com/watch?v=OYQcP9Bl4WM,https://i.ytimg.com/vi/OYQcP9Bl4WM/hqdefault.jpg
le-bizarreum,6ZGVRElgwYM,Une morgue en haute montagne | Histoire funéraire,2023-11-01,https://www.youtube.com/watch?v=6ZGVRElgwYM,https://i.ytimg.com/vi/6ZGVRElgwYM/hqdefault.jpg
le-bizarreum,eKvbP1jhIOk,"Nouveau livre Pionnières du monde funéraire, la mort a changé leur vie le 31/10/2024 #funeraire",2024-10-09,https://www.youtube.com/watch?v=eKvbP1jhIOk,https://i.ytimg.com/vi/eKvbP1jhIOk/hqdefault.jpg
life-in-the-past-lane,FSwIlRTmG7g,I have many reasons why. Full length video coming and article now on my Substack #pompeii #history,2025-04-21,https://www.youtube.com/watch?v=FSwIlRTmG7g,https://i.ytimg.com/vi/FSwIlRTmG7g/hqdefault.jpg
life-in-the-past-lane,KTqrEFmmvfA,The Lost Voices of Pompeii will be released on 23 April 2026.🏺Available for pre-order! Link in bio.,2025-09-23,https://www.youtube.com/watch?v=KTqrEFmmvfA,https://i.ytimg.com/vi/KTqrEFmmvfA/hqdefault.jpg
life-in-the-past-lane,wjKBBJAos8E,Secret whispering corridor for monks #cathedral #architecture #gloucester,2026-09-25,https://www.youtube.com/watch?v=wjKBBJAos8E,https://i.ytimg.com/vi/wjKBBJAos8E/hqdefault.jpg
lindybeige,Q5T7nKHykUg,The engine that lost out to the steam engine,2026-05-31,https://www.youtube.com/watch?v=Q5T7nKHykUg,https://i.ytimg.com/vi/Q5T7nKHykUg/hqdefault.jpg
lindybeige,hRc3b4Ivdr8,The engine that could have powered the industrial revolution,2026-05-31,https://www.youtube.com/watch?v=hRc3b4Ivdr8,https://i.ytimg.com/vi/hRc3b4Ivdr8/hqdefault.jpg
lindybeige,8qIIY1myyEk,The end of penalty shootouts!  An alternative has been found,2026-06-30,https://www.youtube.com/watch?v=8qIIY1myyEk,https://i.ytimg.com/vi/8qIIY1myyEk/hqdefault.jpg
lindybeige,YrId1fgTMe8,How to end diving in football,2026-07-27,https://www.youtube.com/watch?v=YrId1fgTMe8,https://i.ytimg.com/vi/YrId1fgTMe8/hqdefault.jpg
lindybeige,YF9fi6JV8wA,Dick Turpin - the true story of the dandy highwayman,2026-08-11,https://www.youtube.com/watch?v=YF9fi6JV8wA,https://i.ytimg.com/vi/YF9fi6JV8wA/hqdefault.jpg
lindybeige,4ijPu1VzJLs,Who made the world's first car?  Mulling it over while making a model of it.,2026-09-01,https://www.youtube.com/watch?v=4ijPu1VzJLs,https://i.ytimg.com/vi/4ijPu1VzJLs/hqdefault.jpg
lindybeige,niSO_JTDD50,How to depict the stone age in films properly,2026-09-25,https://www.youtube.com/watch?v=niSO_JTDD50,https://i.ytimg.com/vi/niSO_JTDD50/hqdefault.jpg
lindybeige,hnfG4Wcpncc,Fanfiction: Jill Bearup on the pleasures and perils of this hobby,2026-09-28,https://www.youtube.com/watch?v=hnfG4Wcpncc,https://i.ytimg.com/vi/hnfG4Wcpncc/hqdefault.jpg
linfamy,5Fgr0M92s98,Historians Got It Wrong: Japan’s Catastrophic Bandit Problem That Never Was | Akutō 1,2026-02-02,https://www.youtube.com/watch?v=5Fgr0M92s98,https://i.ytimg.com/vi/5Fgr0M92s98/hqdefault.jpg
linfamy,lnwBLNBz3RY,Japan's Legendary First Emperor: The Chosen One Who Almost Failed | Jimmu 1,2026-02-25,https://www.youtube.com/watch?v=lnwBLNBz3RY,https://i.ytimg.com/vi/lnwBLNBz3RY/hqdefault.jpg
linfamy,vYE_2zclfVc,The Clever Ways Japan’s Peasants Fought Against Uncaring Landlords | Akutō 2,2026-03-12,https://www.youtube.com/watch?v=vYE_2zclfVc,https://i.ytimg.com/vi/vYE_2zclfVc/hqdefault.jpg
linfamy,GoE8rZsYbvU,"Tragic Life of ""Naughty Serving Girls"" Sold Into Japan’s Brothel-Inns",2026-03-27,https://www.youtube.com/watch?v=GoE8rZsYbvU,https://i.ytimg.com/vi/GoE8rZsYbvU/hqdefault.jpg
linfamy,R920tosAQNk,"Why Japanese Villagers HATED Naughty Hostess Girls, But Couldn't Resist Them",2026-04-28,https://www.youtube.com/watch?v=R920tosAQNk,https://i.ytimg.com/vi/R920tosAQNk/hqdefault.jpg
linfamy,gFsSt9-0pKI,The Bitter War Between Japan’s Farmers and Seductive Hostess Girls,2026-06-03,https://www.youtube.com/watch?v=gFsSt9-0pKI,https://i.ytimg.com/vi/gFsSt9-0pKI/hqdefault.jpg
linfamy,S2tIWUKZEq4,4 Real Life Stories of Prostitutes Trying to Escape Their Masters,2026-07-10,https://www.youtube.com/watch?v=S2tIWUKZEq4,https://i.ytimg.com/vi/S2tIWUKZEq4/hqdefault.jpg
linfamy,gPWKBqX_ixE,Japan’s TRAUMATIC Attempts to Stop Syphilis,2026-09-23,https://www.youtube.com/watch?v=gPWKBqX_ixE,https://i.ytimg.com/vi/gPWKBqX_ixE/hqdefault.jpg
metatron,l_NPRE5vUaI,Did The Ius Primae Noctis REALLY Exist? Medieval History,2026-02-24,https://www.youtube.com/watch?v=l_NPRE5vUaI,https://i.ytimg.com/vi/l_NPRE5vUaI/hqdefault.jpg
metatron,bxMDOTDU1yk,Medieval Soldiers Were Not IDIOTS! RANT!,2026-02-25,https://www.youtube.com/watch?v=bxMDOTDU1yk,https://i.ytimg.com/vi/bxMDOTDU1yk/hqdefault.jpg
metatron,xKo60qxgMTw,10 Worst Execution Methods in history,2026-03-07,https://www.youtube.com/watch?v=xKo60qxgMTw,https://i.ytimg.com/vi/xKo60qxgMTw/hqdefault.jpg
metatron,vGQk5XQdD2Q,Was I Wrong About This Ancient Roman Fact?,2026-03-10,https://www.youtube.com/watch?v=vGQk5XQdD2Q,https://i.ytimg.com/vi/vGQk5XQdD2Q/hqdefault.jpg
metatron,0bJlqCy4qpM,AI Deciphers hidden patterns in ancient texts and IT'S WILD!,2026-03-14,https://www.youtube.com/watch?v=0bJlqCy4qpM,https://i.ytimg.com/vi/0bJlqCy4qpM/hqdefault.jpg
metatron,zlFHZqvagw8,Do you Believe these Medieval Myths? ,2026-05-19,https://www.youtube.com/watch?v=zlFHZqvagw8,https://i.ytimg.com/vi/zlFHZqvagw8/hqdefault.jpg
metatron,mVRSm33hMYQ,Why I LOVE Medieval Castles and Battlements,2026-09-25,https://www.youtube.com/watch?v=mVRSm33hMYQ,https://i.ytimg.com/vi/mVRSm33hMYQ/hqdefault.jpg
miniminuteman,8E3PpdxtqDU,Would You Time Travel To The 1920s?,2026-08-06,https://www.youtube.com/watch?v=8E3PpdxtqDU,https://i.ytimg.com/vi/8E3PpdxtqDU/hqdefault.jpg
miniminuteman,B3Pts9eS7HU,When The USA Demolished An Ancient City…,2026-08-14,https://www.youtube.com/watch?v=B3Pts9eS7HU,https://i.ytimg.com/vi/B3Pts9eS7HU/hqdefault.jpg
miniminuteman,TcGZoQooZ3Q,Nobody Knows What Happened Here…,2026-08-20,https://www.youtube.com/watch?v=TcGZoQooZ3Q,https://i.ytimg.com/vi/TcGZoQooZ3Q/hqdefault.jpg
miniminuteman,JpWOZZ8x1L4,I Destroyed The Planet For Science,2026-08-23,https://www.youtube.com/watch?v=JpWOZZ8x1L4,https://i.ytimg.com/vi/JpWOZZ8x1L4/hqdefault.jpg
miniminuteman,Ujc5tr1YdkU,History According to Conservapedia is Insane... (Feat Atun-Shei Films),2026-09-06,https://www.youtube.com/watch?v=Ujc5tr1YdkU,https://i.ytimg.com/vi/Ujc5tr1YdkU/hqdefault.jpg
miniminuteman,nxyfBfCrbDw,The Plan To Destroy America's Oldest Natural History Museum,2026-09-23,https://www.youtube.com/watch?v=nxyfBfCrbDw,https://i.ytimg.com/vi/nxyfBfCrbDw/hqdefault.jpg
miniminuteman,4mq6sEioidc,They Want To Destroy Americas Oldest Natural History Museum,2026-09-24,https://www.youtube.com/watch?v=4mq6sEioidc,https://i.ytimg.com/vi/4mq6sEioidc/hqdefault.jpg
miniminuteman,aw8h70l4Yio,Come See Miniminuteman LIVE!,2026-09-25,https://www.youtube.com/watch?v=aw8h70l4Yio,https://i.ytimg.com/vi/aw8h70l4Yio/hqdefault.jpg
mrwissen2go-geschichte,ujGSxTlRnOc,"Der Krieg in Syrien: Ursachen, Eskalation und der Sturz von Assad",2026-05-07,https://www.youtube.com/watch?v=ujGSxTlRnOc,https://i.ytimg.com/vi/ujGSxTlRnOc/hqdefault.jpg
mrwissen2go-geschichte,wEOVPI39nFg,Das letzte Geheimnis von Hermann Göring,2026-05-21,https://www.youtube.com/watch?v=wEOVPI39nFg,https://i.ytimg.com/vi/wEOVPI39nFg/hqdefault.jpg
mrwissen2go-geschichte,16IehD6JS04,Die 5 größten Reiche aller Zeiten,2026-06-18,https://www.youtube.com/watch?v=16IehD6JS04,https://i.ytimg.com/vi/16IehD6JS04/hqdefault.jpg
mrwissen2go-geschichte,mvCtgHe_sXs,Odyssee – Alles beginnt mit diesem Apfel,2026-07-09,https://www.youtube.com/watch?v=mvCtgHe_sXs,https://i.ytimg.com/vi/mvCtgHe_sXs/hqdefault.jpg
mrwissen2go-geschichte,UbYOutzCqyw,Homers Odyssee: Die Geschichte dahinter,2026-07-16,https://www.youtube.com/watch?v=UbYOutzCqyw,https://i.ytimg.com/vi/UbYOutzCqyw/hqdefault.jpg
mrwissen2go-geschichte,vDs0gW7lgwk,Hitlers Leibarzt Theodor Morell: Drogen und Schmerzmittel für den „Führer“,2026-08-20,https://www.youtube.com/watch?v=vDs0gW7lgwk,https://i.ytimg.com/vi/vDs0gW7lgwk/hqdefault.jpg
mrwissen2go-geschichte,T8fgOmSrigo,Der Marshall-Plan – Europas Rettung nach dem Zweiten Weltkrieg?,2026-09-03,https://www.youtube.com/watch?v=T8fgOmSrigo,https://i.ytimg.com/vi/T8fgOmSrigo/hqdefault.jpg
mrwissen2go-geschichte,peQjhxrfv2s,Warum unsere Monate so heißen,2026-09-17,https://www.youtube.com/watch?v=peQjhxrfv2s,https://i.ytimg.com/vi/peQjhxrfv2s/hqdefault.jpg
native-american-history,M5GnvdNtnI4,Choctaw Tribe History,2024-05-01,https://www.youtube.com/watch?v=M5GnvdNtnI4,https://i.ytimg.com/vi/M5GnvdNtnI4/hqdefault.jpg
nativlang,i0ajeoHsmu8,"Bird and cetacean grammar, and series conclusion – Can Animals Grammar? #8",2025-04-29,https://www.youtube.com/watch?v=i0ajeoHsmu8,https://i.ytimg.com/vi/i0ajeoHsmu8/hqdefault.jpg
nativlang,F4kXiGT6lPU,"Parts of speech English doesn't have, but these languages do!",2025-07-26,https://www.youtube.com/watch?v=F4kXiGT6lPU,https://i.ytimg.com/vi/F4kXiGT6lPU/hqdefault.jpg
nativlang,6AVtCDlq5M4,Folk Grammar: Theories of Language from the Inside,2025-08-30,https://www.youtube.com/watch?v=6AVtCDlq5M4,https://i.ytimg.com/vi/6AVtCDlq5M4/hqdefault.jpg
nativlang,LGIj8b1E2AQ,This language shifted from most common to rarest word order,2026-01-31,https://www.youtube.com/watch?v=LGIj8b1E2AQ,https://i.ytimg.com/vi/LGIj8b1E2AQ/hqdefault.jpg
nativlang,cVHhjvegXJw,Why colonizing Southern Africa didn't break its linguistic diversity; did it just add to it?,2026-02-27,https://www.youtube.com/watch?v=cVHhjvegXJw,https://i.ytimg.com/vi/cVHhjvegXJw/hqdefault.jpg
nativlang,NW99F9iSvEk,"Uppercases: Capital Letters Across the World Get Messy, and Not Just in Book Titles",2026-04-29,https://www.youtube.com/watch?v=NW99F9iSvEk,https://i.ytimg.com/vi/NW99F9iSvEk/hqdefault.jpg
nativlang,jRXFhN1K6ps,Proving Äiwoo is Oceanic was hard: why it took linguists decades to recognize a non-Papuan language,2026-05-29,https://www.youtube.com/watch?v=jRXFhN1K6ps,https://i.ytimg.com/vi/jRXFhN1K6ps/hqdefault.jpg
nativlang,26j0V2sc_nQ,Multilingual glyphs: an old way of writing two languages at the same time,2026-07-30,https://www.youtube.com/watch?v=26j0V2sc_nQ,https://i.ytimg.com/vi/26j0V2sc_nQ/hqdefault.jpg
nota-bene,czNdgrEl--M,Voir l'histoire par le bas,2026-09-21,https://www.youtube.com/watch?v=czNdgrEl--M,https://i.ytimg.com/vi/czNdgrEl--M/hqdefault.jpg
nota-bene,5wd1f3khAUk,L'anniversaire World of Warships ! #Shorts,2026-09-22,https://www.youtube.com/watch?v=5wd1f3khAUk,https://i.ytimg.com/vi/5wd1f3khAUk/hqdefault.jpg
nota-bene,TyyfigB-3fc,Un squelette écossais tout cassé,2026-09-22,https://www.youtube.com/watch?v=TyyfigB-3fc,https://i.ytimg.com/vi/TyyfigB-3fc/hqdefault.jpg
nota-bene,9TWIdiDThaI,La variole du mouton dans un vieux manuscrit,2026-09-23,https://www.youtube.com/watch?v=9TWIdiDThaI,https://i.ytimg.com/vi/9TWIdiDThaI/hqdefault.jpg
nota-bene,VFYBSa-yiUU,Un trésor dans la Cathédrale de Tours #Shorts,2026-09-24,https://www.youtube.com/watch?v=VFYBSa-yiUU,https://i.ytimg.com/vi/VFYBSa-yiUU/hqdefault.jpg
nota-bene,aBhOy6x2aOE,Géricault et son radeau de la Méduse #Shorts,2026-09-26,https://www.youtube.com/watch?v=aBhOy6x2aOE,https://i.ytimg.com/vi/aBhOy6x2aOE/hqdefault.jpg
nota-bene,tbRuOUoAvZI,Un morceau de l'Iliade retrouvé dans une momie,2026-09-28,https://www.youtube.com/watch?v=tbRuOUoAvZI,https://i.ytimg.com/vi/tbRuOUoAvZI/hqdefault.jpg
nota-bene,y7iyW0q35yQ,La fois où les paysans ont failli renverser le roi d'Angleterre,2026-09-28,https://www.youtube.com/watch?v=y7iyW0q35yQ,https://i.ytimg.com/vi/y7iyW0q35yQ/hqdefault.jpg
passe-sauvage,4-SbmK2rQDo,Le Mana : comment voler tout le mana de votre ennemi 🪄,2025-11-23,https://www.youtube.com/watch?v=4-SbmK2rQDo,https://i.ytimg.com/vi/4-SbmK2rQDo/hqdefault.jpg
passe-sauvage,gbxyzHEmkUU,La première traversée de l'histoire il y a 1M d'années 🏄‍♀️ !!!,2025-11-30,https://www.youtube.com/watch?v=gbxyzHEmkUU,https://i.ytimg.com/vi/gbxyzHEmkUU/hqdefault.jpg
passe-sauvage,dM7eqV03kQ8,Nos Ancêtres couraient plus vite qu'Usain Bolt ?!,2025-12-18,https://www.youtube.com/watch?v=dM7eqV03kQ8,https://i.ytimg.com/vi/dM7eqV03kQ8/hqdefault.jpg
passe-sauvage,Bjbae9sNS9g,Les aborigènes couraient plus vite qu'Usain Bolt ?! #sports,2025-12-22,https://www.youtube.com/watch?v=Bjbae9sNS9g,https://i.ytimg.com/vi/Bjbae9sNS9g/hqdefault.jpg
passe-sauvage,G-a6zxXYSHU,Comment dater un site archéologique ? Le carbone 14 #science #shorts,2026-01-04,https://www.youtube.com/watch?v=G-a6zxXYSHU,https://i.ytimg.com/vi/G-a6zxXYSHU/hqdefault.jpg
passe-sauvage,yYsQeaxZusI,Atlantide : ce que la science a (vraiment) découvert,2026-01-25,https://www.youtube.com/watch?v=yYsQeaxZusI,https://i.ytimg.com/vi/yYsQeaxZusI/hqdefault.jpg
passe-sauvage,gwOLM3U12iQ,Aux origines d'Homo sapiens : une découverte choc,2026-04-26,https://www.youtube.com/watch?v=gwOLM3U12iQ,https://i.ytimg.com/vi/gwOLM3U12iQ/hqdefault.jpg
passe-sauvage,hzOEFNY_G2Q,On a retrouvé le PREMIER mythe de l'humanité (65 000 ans),2026-06-03,https://www.youtube.com/watch?v=hzOEFNY_G2Q,https://i.ytimg.com/vi/hzOEFNY_G2Q/hqdefault.jpg
pero-eso-es-otra-historia,Lf9oa6FoCL8,La princesa de Éboli y la conspiración para asesinar a Escobedo ￼ #historia,2026-07-28,https://www.youtube.com/watch?v=Lf9oa6FoCL8,https://i.ytimg.com/vi/Lf9oa6FoCL8/hqdefault.jpg
pero-eso-es-otra-historia,7fysun1YpS4,El ASESINATO de GUILLERMO de ORANGE #historia,2026-07-29,https://www.youtube.com/watch?v=7fysun1YpS4,https://i.ytimg.com/vi/7fysun1YpS4/hqdefault.jpg
pero-eso-es-otra-historia,p-CDa7ovAgI,"El día en el que los neerlandeses se comieron a su Primer Ministro, Johan de Witt #historia",2026-08-28,https://www.youtube.com/watch?v=p-CDa7ovAgI,https://i.ytimg.com/vi/p-CDa7ovAgI/hqdefault.jpg
pero-eso-es-otra-historia,S-mCpxJbo7c,Este CHINO vivió 256 años: Li Ching-Yuen,2026-08-30,https://www.youtube.com/watch?v=S-mCpxJbo7c,https://i.ytimg.com/vi/S-mCpxJbo7c/hqdefault.jpg
pero-eso-es-otra-historia,E8HSKhQ6MCA,¿Puede VIVIR una persona DOS SIGLOS?,2026-09-05,https://www.youtube.com/watch?v=E8HSKhQ6MCA,https://i.ytimg.com/vi/E8HSKhQ6MCA/hqdefault.jpg
pero-eso-es-otra-historia,KrURX3sZD3U,Carlos II... ¿era realmente retras*do?  #historia,2026-09-06,https://www.youtube.com/watch?v=KrURX3sZD3U,https://i.ytimg.com/vi/KrURX3sZD3U/hqdefault.jpg
pero-eso-es-otra-historia,IkJixJULCVY,"El SIGLO de ORO ESPAÑOL (Resumen): historia, literatura y arte | Cervantes, Velázquez, Lope de Vega",2026-09-21,https://www.youtube.com/watch?v=IkJixJULCVY,https://i.ytimg.com/vi/IkJixJULCVY/hqdefault.jpg
pero-eso-es-otra-historia,58oh13TZcV0,Los 16 TERREMOTOS más DESTRUCTIVOS de la HISTORIA 🌎 ¿Y qué pasa con el BIG ONE y Yellowstone? 🌋,2026-09-27,https://www.youtube.com/watch?v=58oh13TZcV0,https://i.ytimg.com/vi/58oh13TZcV0/hqdefault.jpg
prehistory-guys,RIitVVVThWM,NINE TIMES that Filming Archaeological Sites Completely Changed the Story,2026-07-10,https://www.youtube.com/watch?v=RIitVVVThWM,https://i.ytimg.com/vi/RIitVVVThWM/hqdefault.jpg
prehistory-guys,aefgirNk7YM,MEGALITHIC MEDITATIONS: Ancient Monuments Captured in 5 Cinematic Short Films (NO TALKING),2026-07-17,https://www.youtube.com/watch?v=aefgirNk7YM,https://i.ytimg.com/vi/aefgirNk7YM/hqdefault.jpg
prehistory-guys,8RoI7F271G0,LIVE ~ PREHISTORIC ARCHAEOLOGY NEWS From Around the World | 18/07/2026 02:00PM BST,2026-07-19,https://www.youtube.com/watch?v=8RoI7F271G0,https://i.ytimg.com/vi/8RoI7F271G0/hqdefault.jpg
prehistory-guys,8dlWfBeX3vE,LIVE ~ PREHISTORIC ARCHAEOLOGY NEWS From Around the World | 01/08/2026 02:00PM BST,2026-08-01,https://www.youtube.com/watch?v=8dlWfBeX3vE,https://i.ytimg.com/vi/8dlWfBeX3vE/hqdefault.jpg
prehistory-guys,3MPhrEaty4o,PODCAST: Ritual - What if We've Got it Wrong? #218,2026-08-20,https://www.youtube.com/watch?v=3MPhrEaty4o,https://i.ytimg.com/vi/3MPhrEaty4o/hqdefault.jpg
prehistory-guys,xTzCXmHhjHg,RECORDING ~ PREHISTORIC ARCHAEOLOGY NEWS From Around the World | 27/08/2026 02:00PM BST,2026-08-27,https://www.youtube.com/watch?v=xTzCXmHhjHg,https://i.ytimg.com/vi/xTzCXmHhjHg/hqdefault.jpg
prehistory-guys,dcxhP0HF3bk,LIVE ~ PREHISTORIC ARCHAEOLOGY NEWS From Around the World | 12/09/2026 02:00PM BST,2026-09-12,https://www.youtube.com/watch?v=dcxhP0HF3bk,https://i.ytimg.com/vi/dcxhP0HF3bk/hqdefault.jpg
prehistory-guys,h_yUu8DHEhw,Franchthi Cave: A Window into Prehistoric Europe,2026-09-19,https://www.youtube.com/watch?v=h_yUu8DHEhw,https://i.ytimg.com/vi/h_yUu8DHEhw/hqdefault.jpg
premodernist,BRnwg3dpboc,What wheelbarrows can teach us about world history,2024-04-08,https://www.youtube.com/watch?v=BRnwg3dpboc,https://i.ytimg.com/vi/BRnwg3dpboc/hqdefault.jpg
premodernist,G0uszrayst4,How academics can talk to pseudoarchaeology fans,2024-05-07,https://www.youtube.com/watch?v=G0uszrayst4,https://i.ytimg.com/vi/G0uszrayst4/hqdefault.jpg
premodernist,c-IgG7iou94,In defense of the state flags,2024-09-17,https://www.youtube.com/watch?v=c-IgG7iou94,https://i.ytimg.com/vi/c-IgG7iou94/hqdefault.jpg
premodernist,x3MoJTCWUHg,The last Genghis Khan Day video,2024-11-02,https://www.youtube.com/watch?v=x3MoJTCWUHg,https://i.ytimg.com/vi/x3MoJTCWUHg/hqdefault.jpg
rai-cultura,vtp1EUokz9U,"Eduardo De Filippo : "" Sik sik l'artefice magico "" - rarissima registrazione sonora",2009-10-07,https://www.youtube.com/watch?v=vtp1EUokz9U,https://i.ytimg.com/vi/vtp1EUokz9U/hqdefault.jpg
rai-cultura,y6pdnVaGJjk,"Dietro l'alibi della follia - da ""Cronaca""",2010-02-23,https://www.youtube.com/watch?v=y6pdnVaGJjk,https://i.ytimg.com/vi/y6pdnVaGJjk/hqdefault.jpg
rai-cultura,8h5LWPVKlOY,"Il fantasma del manicomio (Arezzo 1981)  - da ""Cronaca""",2010-02-24,https://www.youtube.com/watch?v=8h5LWPVKlOY,https://i.ytimg.com/vi/8h5LWPVKlOY/hqdefault.jpg
rai-cultura,Rq20oOpjFuM,"John Kenneth Galbraith, La grande crisi",2010-02-24,https://www.youtube.com/watch?v=Rq20oOpjFuM,https://i.ytimg.com/vi/Rq20oOpjFuM/hqdefault.jpg
rai-cultura,TApLgZXNXE4,"Sergio Zavoli, Clausura - da ""Diario di un cronista""",2010-02-24,https://www.youtube.com/watch?v=TApLgZXNXE4,https://i.ytimg.com/vi/TApLgZXNXE4/hqdefault.jpg
reading-the-past,M_mtBbMcNXg,Pietro Torrigiano: The Man Who Memorialised the Tudors,2026-09-11,https://www.youtube.com/watch?v=M_mtBbMcNXg,https://i.ytimg.com/vi/M_mtBbMcNXg/hqdefault.jpg
reading-the-past,lm4bV6noLcU,Making History Accessible,2026-09-18,https://www.youtube.com/watch?v=lm4bV6noLcU,https://i.ytimg.com/vi/lm4bV6noLcU/hqdefault.jpg
reading-the-past,uA8igzZHbfc,📣SNEAKY PEEK OF THE NEW VIDEO📣 #short,2026-09-18,https://www.youtube.com/watch?v=uA8igzZHbfc,https://i.ytimg.com/vi/uA8igzZHbfc/hqdefault.jpg
reading-the-past,j-TKOW8CDEE,GROUP HOLIDAY ANYONE?,2026-09-21,https://www.youtube.com/watch?v=j-TKOW8CDEE,https://i.ytimg.com/vi/j-TKOW8CDEE/hqdefault.jpg
reading-the-past,TxAeKgXgfDc,The Spymaster's Reward: The Family of Henry VIII,2026-09-25,https://www.youtube.com/watch?v=TxAeKgXgfDc,https://i.ytimg.com/vi/TxAeKgXgfDc/hqdefault.jpg
reading-the-past,MLrxrxIBc90,📣SNEAKY PEEK OF THE NEW VIDEO📣 #short,2026-09-25,https://www.youtube.com/watch?v=MLrxrxIBc90,https://i.ytimg.com/vi/MLrxrxIBc90/hqdefault.jpg
reading-the-past,S55xVyp0_p0,History News from September 2026,2026-09-28,https://www.youtube.com/watch?v=S55xVyp0_p0,https://i.ytimg.com/vi/S55xVyp0_p0/hqdefault.jpg
reading-the-past,3nXid9gMn4Y,History News from September 2026 📱,2026-09-28,https://www.youtube.com/watch?v=3nXid9gMn4Y,https://i.ytimg.com/vi/3nXid9gMn4Y/hqdefault.jpg
revues-du-monde,3i5-o_eAUuc,La carte de la prochaine guerre mondiale,2026-01-25,https://www.youtube.com/watch?v=3i5-o_eAUuc,https://i.ytimg.com/vi/3i5-o_eAUuc/hqdefault.jpg
revues-du-monde,EcKSCPA82z4,Die Glocke : l'arme nazie qui tuait ses scientifiques,2026-02-08,https://www.youtube.com/watch?v=EcKSCPA82z4,https://i.ytimg.com/vi/EcKSCPA82z4/hqdefault.jpg
revues-du-monde,qrw2iuaZCnY,Les expériences secrètes pour reprogrammer un cerveau,2026-04-05,https://www.youtube.com/watch?v=qrw2iuaZCnY,https://i.ytimg.com/vi/qrw2iuaZCnY/hqdefault.jpg
revues-du-monde,sAFpkK3g88M,Comment prouver que vous êtes bien vous,2026-05-26,https://www.youtube.com/watch?v=sAFpkK3g88M,https://i.ytimg.com/vi/sAFpkK3g88M/hqdefault.jpg
revues-du-monde,Gj9GmTUCi1Y,Voici ce qu’il faut faire pour sauver l’humanité,2026-06-21,https://www.youtube.com/watch?v=Gj9GmTUCi1Y,https://i.ytimg.com/vi/Gj9GmTUCi1Y/hqdefault.jpg
revues-du-monde,FC4ev4PKkGU,"Des astronautes ont retrouvé l'Atlantide, par hasard",2026-07-12,https://www.youtube.com/watch?v=FC4ev4PKkGU,https://i.ytimg.com/vi/FC4ev4PKkGU/hqdefault.jpg
revues-du-monde,TN4BkaziyXQ,L'objet le plus mal compris de l'archéologie,2026-08-30,https://www.youtube.com/watch?v=TN4BkaziyXQ,https://i.ytimg.com/vi/TN4BkaziyXQ/hqdefault.jpg
revues-du-monde,84q669o1cWE,L'autre problème derrière LEGEND,2026-09-20,https://www.youtube.com/watch?v=84q669o1cWE,https://i.ytimg.com/vi/84q669o1cWE/hqdefault.jpg
scholagladiatoria,o8a-iESSlhY,Why would the SAMURAI reverse the lead hand on a SPEAR?,2026-08-27,https://www.youtube.com/watch?v=o8a-iESSlhY,https://i.ytimg.com/vi/o8a-iESSlhY/hqdefault.jpg
scholagladiatoria,z9nwllBSUz4,Why the reasons for wearing CLOTH over ARMOUR might SURPRISE YOU,2026-08-31,https://www.youtube.com/watch?v=z9nwllBSUz4,https://i.ytimg.com/vi/z9nwllBSUz4/hqdefault.jpg
scholagladiatoria,IzDkPD7bvxo,How this fantastic SWORD was PERFECTED and REPLACED.....WRONGLY!,2026-09-03,https://www.youtube.com/watch?v=IzDkPD7bvxo,https://i.ytimg.com/vi/IzDkPD7bvxo/hqdefault.jpg
scholagladiatoria,Kci4HBkg6Nc,Was this the ARMOUR of a FALLEN KNIGHT FROM the BATTLE OF BOSWORTH?,2026-09-07,https://www.youtube.com/watch?v=Kci4HBkg6Nc,https://i.ytimg.com/vi/Kci4HBkg6Nc/hqdefault.jpg
scholagladiatoria,X4RaIsj_Xhg,I show TEN THINGS that Medieval Movies get REALLY WRONG!,2026-09-10,https://www.youtube.com/watch?v=X4RaIsj_Xhg,https://i.ytimg.com/vi/X4RaIsj_Xhg/hqdefault.jpg
scholagladiatoria,Eb7eg4q7qNI,Why did KNIGHTS use SWORDS when there were BETTER WEAPONS?,2026-09-14,https://www.youtube.com/watch?v=Eb7eg4q7qNI,https://i.ytimg.com/vi/Eb7eg4q7qNI/hqdefault.jpg
scholagladiatoria,eGETXB2BmaY,Is this MYSTERY KNIGHT the Mayor of London?,2026-09-17,https://www.youtube.com/watch?v=eGETXB2BmaY,https://i.ytimg.com/vi/eGETXB2BmaY/hqdefault.jpg
scholagladiatoria,T65cNwY2wTc,Why weren't Medieval Crossbows BETTER?,2026-09-21,https://www.youtube.com/watch?v=T65cNwY2wTc,https://i.ytimg.com/vi/T65cNwY2wTc/hqdefault.jpg
sejarah-seru,SeE39T5xte8,Donald Trump Juga Gak Mau Kalah Sama Doi. Abang Donald Ikutan Angkut Beras Sampe Masuk Angin.,2025-12-09,https://www.youtube.com/watch?v=SeE39T5xte8,https://i.ytimg.com/vi/SeE39T5xte8/hqdefault.jpg
sejarah-seru,CMFuwUiq2Dc,Duel Maut Jenderal Kesayangan Soeharto,2026-03-03,https://www.youtube.com/watch?v=CMFuwUiq2Dc,https://i.ytimg.com/vi/CMFuwUiq2Dc/hqdefault.jpg
sejarah-seru,_dVQo5IDJbo,Indonesia Bubar 2030? Ada ada Aja,2026-04-26,https://www.youtube.com/watch?v=_dVQo5IDJbo,https://i.ytimg.com/vi/_dVQo5IDJbo/hqdefault.jpg
sekaishi-sensei,aPc8drExRc0,044ブラマンテ  #受験世界史 #定期試験 #ルネサンス,2026-08-05,https://www.youtube.com/watch?v=aPc8drExRc0,https://i.ytimg.com/vi/aPc8drExRc0/hqdefault.jpg
sekaishi-sensei,gEd3gzHl2VI,045ジョルダーノ＝ブルーノ #受験世界史 #定期試験 #織田信長 #『チ。 ―地球の運動について―』,2026-08-06,https://www.youtube.com/watch?v=gEd3gzHl2VI,https://i.ytimg.com/vi/gEd3gzHl2VI/hqdefault.jpg
sekaishi-sensei,xkkLGWAJ5Pw,046ノックス #定期試験  #受験世界史 #宗教改革 #長老派,2026-08-29,https://www.youtube.com/watch?v=xkkLGWAJ5Pw,https://i.ytimg.com/vi/xkkLGWAJ5Pw/hqdefault.jpg
sekaishi-sensei,WFiXqOy21Bo,048ホーキンズ  #定期試験  #受験世界史 #海賊 #アルマダ海戦 #奴隷商人,2026-09-05,https://www.youtube.com/watch?v=WFiXqOy21Bo,https://i.ytimg.com/vi/WFiXqOy21Bo/hqdefault.jpg
sekaishi-sensei,zONTvjFPTzU,050ボーダン（ボダン） #受験世界史 #定期試験 #王権神授説 #絶対王政,2026-09-06,https://www.youtube.com/watch?v=zONTvjFPTzU,https://i.ytimg.com/vi/zONTvjFPTzU/hqdefault.jpg
shogunate,1eqf6xHrJmo,The Samurai Myth,2026-02-01,https://www.youtube.com/watch?v=1eqf6xHrJmo,https://i.ytimg.com/vi/1eqf6xHrJmo/hqdefault.jpg
shogunate,SxiGZdgtwM8,The Shogun Who Killed His Family,2026-02-23,https://www.youtube.com/watch?v=SxiGZdgtwM8,https://i.ytimg.com/vi/SxiGZdgtwM8/hqdefault.jpg
shogunate,hX6PQTt0CBQ,Thoughts on AI Content,2026-05-21,https://www.youtube.com/watch?v=hX6PQTt0CBQ,https://i.ytimg.com/vi/hX6PQTt0CBQ/hqdefault.jpg
shogunate,DVq2gSuXYig,History of the Samurai Blue - The Japan National Football Team (Post 2026 World Cup),2026-08-02,https://www.youtube.com/watch?v=DVq2gSuXYig,https://i.ytimg.com/vi/DVq2gSuXYig/hqdefault.jpg
shogunate,dru-GfPj7q8,"Samurai Shields: History, Usage, and Comparisons",2026-08-17,https://www.youtube.com/watch?v=dru-GfPj7q8,https://i.ytimg.com/vi/dru-GfPj7q8/hqdefault.jpg
shogunate,dJFs4JrlTHc,The Sword of Doom | Samurai Film Review,2026-09-01,https://www.youtube.com/watch?v=dJFs4JrlTHc,https://i.ytimg.com/vi/dJFs4JrlTHc/hqdefault.jpg
shogunate,NOht4b7eM7I,The Meiji Restoration - Age of Empires 3: Definitive Edition,2026-09-14,https://www.youtube.com/watch?v=NOht4b7eM7I,https://i.ytimg.com/vi/NOht4b7eM7I/hqdefault.jpg
shogunate,zyANHQSz4Tc,Warlord: Awaji | Samurai Game Review,2026-09-27,https://www.youtube.com/watch?v=zyANHQSz4Tc,https://i.ytimg.com/vi/zyANHQSz4Tc/hqdefault.jpg
sleepless-historian,9RY2hyKZer8,Why The 2030s Will Be The New Renaissance,2026-09-17,https://www.youtube.com/watch?v=9RY2hyKZer8,https://i.ytimg.com/vi/9RY2hyKZer8/hqdefault.jpg
sleepless-historian,Vmle-94K0xs,"Ancient Rome's ""H*rny Group Activities"" - and more",2026-09-18,https://www.youtube.com/watch?v=Vmle-94K0xs,https://i.ytimg.com/vi/Vmle-94K0xs/hqdefault.jpg
sleepless-historian,rY3rnlfwvVk,The Entire Story of The Trojan War & Iliad Explained (Before The Odyssey),2026-09-20,https://www.youtube.com/watch?v=rY3rnlfwvVk,https://i.ytimg.com/vi/rY3rnlfwvVk/hqdefault.jpg
sleepless-historian,7RfbwskVLt0,Why Gen Z Is Basically Becoming Medieval - and more,2026-09-22,https://www.youtube.com/watch?v=7RfbwskVLt0,https://i.ytimg.com/vi/7RfbwskVLt0/hqdefault.jpg
sleepless-historian,c1hM6agxWjA,Ancient Egyptian Myths That Turned Out To Be Real,2026-09-23,https://www.youtube.com/watch?v=c1hM6agxWjA,https://i.ytimg.com/vi/c1hM6agxWjA/hqdefault.jpg
sleepless-historian,V0qZKx-DGL8,How Did Ancient Humans Sleep With Mosquitoes Everywhere,2026-09-24,https://www.youtube.com/watch?v=V0qZKx-DGL8,https://i.ytimg.com/vi/V0qZKx-DGL8/hqdefault.jpg
sleepless-historian,PmIYCyJ-Kgk,Weird OTTOMAN HAREM Rules That Existed For Really Good Reasons,2026-09-25,https://www.youtube.com/watch?v=PmIYCyJ-Kgk,https://i.ytimg.com/vi/PmIYCyJ-Kgk/hqdefault.jpg
sleepless-historian,ompySKzf5Zs,Every Monster From Greek Mythology Explained | BEST Greek Myths For Sleep,2026-09-28,https://www.youtube.com/watch?v=ompySKzf5Zs,https://i.ytimg.com/vi/ompySKzf5Zs/hqdefault.jpg
stefan-milo,K7cCAUFh4Qk,Who was our ancestor when the dinosaurs died?,2026-02-11,https://www.youtube.com/watch?v=K7cCAUFh4Qk,https://i.ytimg.com/vi/K7cCAUFh4Qk/hqdefault.jpg
stefan-milo,DcrASyRYScM,Are they even a different species at this point?,2026-02-22,https://www.youtube.com/watch?v=DcrASyRYScM,https://i.ytimg.com/vi/DcrASyRYScM/hqdefault.jpg
stefan-milo,tjJvyo8DuNk,The hunt for the oldest 'human' genetics,2026-03-02,https://www.youtube.com/watch?v=tjJvyo8DuNk,https://i.ytimg.com/vi/tjJvyo8DuNk/hqdefault.jpg
stefan-milo,o1cyBZ8M7dE,Who are the Sentinelese really?,2026-03-29,https://www.youtube.com/watch?v=o1cyBZ8M7dE,https://i.ytimg.com/vi/o1cyBZ8M7dE/hqdefault.jpg
stefan-milo,CuSdzup05Bw,Did we kill the greatest ape ever?,2026-05-07,https://www.youtube.com/watch?v=CuSdzup05Bw,https://i.ytimg.com/vi/CuSdzup05Bw/hqdefault.jpg
stefan-milo,oJoNEYtRk7E,Europe's oldest sites are... surprisingly old.,2026-07-27,https://www.youtube.com/watch?v=oJoNEYtRk7E,https://i.ytimg.com/vi/oJoNEYtRk7E/hqdefault.jpg
stefan-milo,qIh5pjzonGg,I can't believe they let me in,2026-09-10,https://www.youtube.com/watch?v=qIh5pjzonGg,https://i.ytimg.com/vi/qIh5pjzonGg/hqdefault.jpg
stefan-milo,AvO1_lnxq78,The strange animals EVERYTHING descends from,2026-09-20,https://www.youtube.com/watch?v=AvO1_lnxq78,https://i.ytimg.com/vi/AvO1_lnxq78/hqdefault.jpg
storia-ditalia,G2rPlb8PJXM,Un ITALIANO salva centinaia di civili nell'assedio di Cartagena del 1873,2026-07-17,https://www.youtube.com/watch?v=G2rPlb8PJXM,https://i.ytimg.com/vi/G2rPlb8PJXM/hqdefault.jpg
storia-ditalia,UpHYr4aLoU0,"La Mitragliatrice Albertini: Un ""Cannone a Salve"" di fine Ottocento",2026-07-31,https://www.youtube.com/watch?v=UpHYr4aLoU0,https://i.ytimg.com/vi/UpHYr4aLoU0/hqdefault.jpg
storia-ditalia,jiwT1wPhVaE,Il VERO fondatore dei Bersaglieri (Non è La Marmora!),2026-08-07,https://www.youtube.com/watch?v=jiwT1wPhVaE,https://i.ytimg.com/vi/jiwT1wPhVaE/hqdefault.jpg
storia-ditalia,Wt0RZkBakjw,I PEGGIORI GENERALI italiani - Ubaldo Soddu,2026-08-30,https://www.youtube.com/watch?v=Wt0RZkBakjw,https://i.ytimg.com/vi/Wt0RZkBakjw/hqdefault.jpg
storia-ditalia,fcl0m8R5dY0,L'eroe napoletano che partecipò alle campagne napoleoniche,2026-09-04,https://www.youtube.com/watch?v=fcl0m8R5dY0,https://i.ytimg.com/vi/fcl0m8R5dY0/hqdefault.jpg
storia-ditalia,5oaaoCxrRq4,Giuseppe Vitali e il Vetterli Vitali,2026-09-11,https://www.youtube.com/watch?v=5oaaoCxrRq4,https://i.ytimg.com/vi/5oaaoCxrRq4/hqdefault.jpg
storia-ditalia,t7bZrbxYO00,La presa de La Guaira durante la crizi Venezuelana del 1902-1903.,2026-09-18,https://www.youtube.com/watch?v=t7bZrbxYO00,https://i.ytimg.com/vi/t7bZrbxYO00/hqdefault.jpg
storia-ditalia,FEY1M0XT8w8,Il generale polacco protagonista (in negativo) del Risorgimento Italiano,2026-09-25,https://www.youtube.com/watch?v=FEY1M0XT8w8,https://i.ytimg.com/vi/FEY1M0XT8w8/hqdefault.jpg
study-antiquity,EkyvxbEQjjg,Lost Cities of the Classical Mayans,2024-10-14,https://www.youtube.com/watch?v=EkyvxbEQjjg,https://i.ytimg.com/vi/EkyvxbEQjjg/hqdefault.jpg
study-antiquity,0b3hfuHK2PQ,The Curse of Akkad - The Fall of an Empire,2024-11-22,https://www.youtube.com/watch?v=0b3hfuHK2PQ,https://i.ytimg.com/vi/0b3hfuHK2PQ/hqdefault.jpg
study-antiquity,SE92BG4Duvc,David Ingram and the Lost Cities of the Native North America,2025-01-19,https://www.youtube.com/watch?v=SE92BG4Duvc,https://i.ytimg.com/vi/SE92BG4Duvc/hqdefault.jpg
study-antiquity,XM7WVajUokE,The Folklore of Mythology,2025-09-20,https://www.youtube.com/watch?v=XM7WVajUokE,https://i.ytimg.com/vi/XM7WVajUokE/hqdefault.jpg
taiwan-bar,RC4s1p3m7Z4,字音字形快問快答 EP2 你答對幾題ㄥ,2026-08-31,https://www.youtube.com/watch?v=RC4s1p3m7Z4,https://i.ytimg.com/vi/RC4s1p3m7Z4/hqdefault.jpg
taiwan-bar,Jnaeco2xBYI,猜國旗顏色挑戰 2 🎨🔥,2026-09-01,https://www.youtube.com/watch?v=Jnaeco2xBYI,https://i.ytimg.com/vi/Jnaeco2xBYI/hqdefault.jpg
taiwan-bar,F-sI3Hlt5sI,臺灣史快問快答,2026-09-02,https://www.youtube.com/watch?v=F-sI3Hlt5sI,https://i.ytimg.com/vi/F-sI3Hlt5sI/hqdefault.jpg
taiwan-bar,LMyjzNd7j7w,暴「殄」天物怎麼唸？你該不會還錯吧？！,2026-09-03,https://www.youtube.com/watch?v=LMyjzNd7j7w,https://i.ytimg.com/vi/LMyjzNd7j7w/hqdefault.jpg
taiwan-bar,TDIZ3dmuJmE,【臺灣歷史人物快問快答】 傳給你歷史最爛的朋友！,2026-09-04,https://www.youtube.com/watch?v=TDIZ3dmuJmE,https://i.ytimg.com/vi/TDIZ3dmuJmE/hqdefault.jpg
taiwan-bar,1rVoj0P7jQA,種田、施肥、養豬、噴農藥 —— 在商業台語片興起前後，台語不只是娛樂市場的語言，也是宣傳與治理的媒介。,2026-09-10,https://www.youtube.com/watch?v=1rVoj0P7jQA,https://i.ytimg.com/vi/1rVoj0P7jQA/hqdefault.jpg
taiwan-bar,a_qk23_aAEE,許願時間！！！沒想到竟然有人許願 XXX 課？！,2026-09-23,https://www.youtube.com/watch?v=a_qk23_aAEE,https://i.ytimg.com/vi/a_qk23_aAEE/hqdefault.jpg
taiwan-bar,eNmWOBbnfWA,恭喜臺灣滑板國手－－ 逸凡 在亞運中獲得銀牌好成績！！,2026-09-29,https://www.youtube.com/watch?v=eNmWOBbnfWA,https://i.ytimg.com/vi/eNmWOBbnfWA/hqdefault.jpg
tasting-history,oNbemdP6abc,A 500-Year-Old Korean Fried Pork Recipe Called Gajeyuk,2026-09-11,https://www.youtube.com/watch?v=oNbemdP6abc,https://i.ytimg.com/vi/oNbemdP6abc/hqdefault.jpg
tasting-history,MkEkEgvJJZg,"2,000 Years of Mustard: Roman, Medieval, & Victorian",2026-09-13,https://www.youtube.com/watch?v=MkEkEgvJJZg,https://i.ytimg.com/vi/MkEkEgvJJZg/hqdefault.jpg
tasting-history,4dHu3VQ0dmg,What Italian Soldiers Ate in World War II,2026-09-15,https://www.youtube.com/watch?v=4dHu3VQ0dmg,https://i.ytimg.com/vi/4dHu3VQ0dmg/hqdefault.jpg
tasting-history,U1Ls-Dwvb70,An Ancient Greet Energy Bar - Itrion,2026-09-18,https://www.youtube.com/watch?v=U1Ls-Dwvb70,https://i.ytimg.com/vi/U1Ls-Dwvb70/hqdefault.jpg
tasting-history,0lfOTVmBhso,Feeding the Italian Army of World War 2,2026-09-20,https://www.youtube.com/watch?v=0lfOTVmBhso,https://i.ytimg.com/vi/0lfOTVmBhso/hqdefault.jpg
tasting-history,iHMAwjuLLj8,How the Aztecs Made Salsa,2026-09-22,https://www.youtube.com/watch?v=iHMAwjuLLj8,https://i.ytimg.com/vi/iHMAwjuLLj8/hqdefault.jpg
tasting-history,Rv4vAi-jnNc,What Food was Served at Old West Saloons?,2026-09-25,https://www.youtube.com/watch?v=Rv4vAi-jnNc,https://i.ytimg.com/vi/Rv4vAi-jnNc/hqdefault.jpg
tasting-history,kKGaYSQokI0,What was Aztec Salsa Like?,2026-09-27,https://www.youtube.com/watch?v=kKGaYSQokI0,https://i.ytimg.com/vi/kKGaYSQokI0/hqdefault.jpg
terra-x-history,EBawCc6JBIM,„Floß der Medusa“: Das ist die Geschichte dahinter | Terra X,2026-09-04,https://www.youtube.com/watch?v=EBawCc6JBIM,https://i.ytimg.com/vi/EBawCc6JBIM/hqdefault.jpg
terra-x-history,P_6ejWOG6zs,Zölibat - seit wann gilt das Heiratsverbot? Terra X,2026-09-06,https://www.youtube.com/watch?v=P_6ejWOG6zs,https://i.ytimg.com/vi/P_6ejWOG6zs/hqdefault.jpg
terra-x-history,aSk7pJ-LWoE,Auch antike Tempel waren bunt bemalt 🎨 | Terra X,2026-09-11,https://www.youtube.com/watch?v=aSk7pJ-LWoE,https://i.ytimg.com/vi/aSk7pJ-LWoE/hqdefault.jpg
terra-x-history,VwX_Pa2mjUk,"Oda Nobunaga: Der Samurai, der Japan vereinte | Terra X",2026-09-13,https://www.youtube.com/watch?v=VwX_Pa2mjUk,https://i.ytimg.com/vi/VwX_Pa2mjUk/hqdefault.jpg
terra-x-history,-VJzpZCzPm0,Mata Hari: Skandaltänzerin und Spionin? | Terra X,2026-09-18,https://www.youtube.com/watch?v=-VJzpZCzPm0,https://i.ytimg.com/vi/-VJzpZCzPm0/hqdefault.jpg
terra-x-history,PkvGDgMpZg0,Kann KI Geschichte erzählen? Die Boston Tea Party 1773 | Terra X,2026-09-20,https://www.youtube.com/watch?v=PkvGDgMpZg0,https://i.ytimg.com/vi/PkvGDgMpZg0/hqdefault.jpg
terra-x-history,stK7Y2ZrYZA,Was hat die Schweiz gegen Liechtenstein? | Terra X,2026-09-25,https://www.youtube.com/watch?v=stK7Y2ZrYZA,https://i.ytimg.com/vi/stK7Y2ZrYZA/hqdefault.jpg
terra-x-history,Eys-NPwluhc,Unmöglich? So gelang ihm die Flucht aus dem Vernichtungslager | Terra X,2026-09-27,https://www.youtube.com/watch?v=Eys-NPwluhc,https://i.ytimg.com/vi/Eys-NPwluhc/hqdefault.jpg
time-team,_Kg5thopUwY,"Welcome to Time Team: Bloopers, Kielder",2026-09-17,https://www.youtube.com/watch?v=_Kg5thopUwY,https://i.ytimg.com/vi/_Kg5thopUwY/hqdefault.jpg
time-team,wz8xA3G_u5M,Journey With Us To Stonehenge,2026-09-19,https://www.youtube.com/watch?v=wz8xA3G_u5M,https://i.ytimg.com/vi/wz8xA3G_u5M/hqdefault.jpg
time-team,L_CH95HR3qY,Journey To Stonehenge | Time Team Classic Special,2026-09-20,https://www.youtube.com/watch?v=L_CH95HR3qY,https://i.ytimg.com/vi/L_CH95HR3qY/hqdefault.jpg
time-team,I7g-3DyaTM0,The Realities Of Remote Archaeology...,2026-09-21,https://www.youtube.com/watch?v=I7g-3DyaTM0,https://i.ytimg.com/vi/I7g-3DyaTM0/hqdefault.jpg
time-team,S-K21j3zCrc,Time Team book club -,2026-09-22,https://www.youtube.com/watch?v=S-K21j3zCrc,https://i.ytimg.com/vi/S-K21j3zCrc/hqdefault.jpg
time-team,tlPZ6PHwPok,Getting ready for an archaeological dig - what lunch do you prep?,2026-09-26,https://www.youtube.com/watch?v=tlPZ6PHwPok,https://i.ytimg.com/vi/tlPZ6PHwPok/hqdefault.jpg
time-team,HMhKi6EBNjc,Time Team's 3 day dig on South Common in Lincoln starts THIS Friday 2nd October.,2026-09-28,https://www.youtube.com/watch?v=HMhKi6EBNjc,https://i.ytimg.com/vi/HMhKi6EBNjc/hqdefault.jpg
time-team,7MpaXMYohTE,Time Team's upcoming site - digging up a Leprosarium in Lincoln!,2026-09-29,https://www.youtube.com/watch?v=7MpaXMYohTE,https://i.ytimg.com/vi/7MpaXMYohTE/hqdefault.jpg
time-team-classics,pj61NHPoYJ8,Uncovering a Lost Medieval Manor - Aston Eyre's Forgotten Secrets Revealed | Time Team - S5 E6,2026-09-16,https://www.youtube.com/watch?v=pj61NHPoYJ8,https://i.ytimg.com/vi/pj61NHPoYJ8/hqdefault.jpg
time-team-classics,nTB2LzchBRg,"Picts and Hermits: Cave Dwellers of Fife (Full Episode) | S12 EP8 | Time Team (Wemyss, Fife)",2026-09-17,https://www.youtube.com/watch?v=nTB2LzchBRg,https://i.ytimg.com/vi/nTB2LzchBRg/hqdefault.jpg
time-team-classics,BFm5r_WHNBI,"Fort of the Earls (Full Episode) | S15 EP9 | Time Team (Dungannon, Northern Ireland)",2026-09-20,https://www.youtube.com/watch?v=BFm5r_WHNBI,https://i.ytimg.com/vi/BFm5r_WHNBI/hqdefault.jpg
time-team-classics,b718YpjEbEA,Uncovering King Alfred’s Lost Fortress - Secrets of Somerset’s Marshes | Time Team - S1 E1,2026-09-21,https://www.youtube.com/watch?v=b718YpjEbEA,https://i.ytimg.com/vi/b718YpjEbEA/hqdefault.jpg
time-team-classics,Ji6qpOXoYew,Secrets of Roman Ribchester - Uncovering Ancient Forts and Defenses | Time Team - S1 E2,2026-09-23,https://www.youtube.com/watch?v=Ji6qpOXoYew,https://i.ytimg.com/vi/Ji6qpOXoYew/hqdefault.jpg
time-team-classics,SAA3rUZ0pGw,"Lost Centuries of St Osyth (Full Episode) | S12 EP9 | Time Team (St Osyth, Essex)",2026-09-24,https://www.youtube.com/watch?v=SAA3rUZ0pGw,https://i.ytimg.com/vi/SAA3rUZ0pGw/hqdefault.jpg
time-team-classics,S4ID1HuHbDg,"From Constantinople to Cornwall (Full Episode) | S15 EP10 | Time Team (Padstow, North Cornwall)",2026-09-27,https://www.youtube.com/watch?v=S4ID1HuHbDg,https://i.ytimg.com/vi/S4ID1HuHbDg/hqdefault.jpg
time-team-classics,VgDWZkaKHRQ,How Much Wenlock Became a Medieval Market Town - Archaeological Secrets Revealed | Time Team - S1 E3,2026-09-28,https://www.youtube.com/watch?v=VgDWZkaKHRQ,https://i.ytimg.com/vi/VgDWZkaKHRQ/hqdefault.jpg
toldinstone,RI6FpTWMds0,Comparing US Presidents and Roman Emperors,2026-04-07,https://www.youtube.com/watch?v=RI6FpTWMds0,https://i.ytimg.com/vi/RI6FpTWMds0/hqdefault.jpg
toldinstone,G3hb5cwDono,5 Incredible Roman Ruins (that can't be excavated),2026-05-01,https://www.youtube.com/watch?v=G3hb5cwDono,https://i.ytimg.com/vi/G3hb5cwDono/hqdefault.jpg
toldinstone,lGrKgew07IE,Historical Treasures that were Lost TWICE,2026-05-15,https://www.youtube.com/watch?v=lGrKgew07IE,https://i.ytimg.com/vi/lGrKgew07IE/hqdefault.jpg
toldinstone,0cbTUvIu298,How a Forged Roman Book Remade Christianity,2026-05-29,https://www.youtube.com/watch?v=0cbTUvIu298,https://i.ytimg.com/vi/0cbTUvIu298/hqdefault.jpg
toldinstone,XZ85zOf0EQU,The Most Controversial Ancient Philosophy,2026-08-04,https://www.youtube.com/watch?v=XZ85zOf0EQU,https://i.ytimg.com/vi/XZ85zOf0EQU/hqdefault.jpg
toldinstone,O5jyzM9oG6E,The Ancient Person We Know Most About,2026-08-28,https://www.youtube.com/watch?v=O5jyzM9oG6E,https://i.ytimg.com/vi/O5jyzM9oG6E/hqdefault.jpg
toldinstone,qJIDOq0ezTs,Three Unfinished Roman Megaprojects,2026-09-12,https://www.youtube.com/watch?v=qJIDOq0ezTs,https://i.ytimg.com/vi/qJIDOq0ezTs/hqdefault.jpg
toldinstone,c0dGdT1VCho,Did the Romans Know their Empire was Declining?,2026-09-25,https://www.youtube.com/watch?v=c0dGdT1VCho,https://i.ytimg.com/vi/c0dGdT1VCho/hqdefault.jpg
trt-belgesel,HfPF2zvslHM,Kızıl Tilki 🦊#trt #belgesel #tilki #shorts #keşfet,2026-09-24,https://www.youtube.com/watch?v=HfPF2zvslHM,https://i.ytimg.com/vi/HfPF2zvslHM/hqdefault.jpg
trt-belgesel,w89w9nVIRf8,Huzurun Sesi: Divriği Ulu Camii ve Darüşşifası  #trt #belgesel #sivas #cami #shorts,2026-09-24,https://www.youtube.com/watch?v=w89w9nVIRf8,https://i.ytimg.com/vi/w89w9nVIRf8/hqdefault.jpg
trt-belgesel,-Fpf5qoyLTU,Kutup Ayıları Yaza Nasıl Hazırlanıyor? #trt #belgesel #kutupayısı #shorts,2026-09-25,https://www.youtube.com/watch?v=-Fpf5qoyLTU,https://i.ytimg.com/vi/-Fpf5qoyLTU/hqdefault.jpg
trt-belgesel,PWxJgYa1r2Q,Anadolu İnsanı 36. Bölüm | Başarı | TRT Belgesel,2026-09-25,https://www.youtube.com/watch?v=PWxJgYa1r2Q,https://i.ytimg.com/vi/PWxJgYa1r2Q/hqdefault.jpg
trt-belgesel,Z-sH1iL2tNU,Karadeniz Çayı Kar Suyunu Sever 🍃#trt #belgesel #çay #karadeniz #shorts,2026-09-25,https://www.youtube.com/watch?v=Z-sH1iL2tNU,https://i.ytimg.com/vi/Z-sH1iL2tNU/hqdefault.jpg
trt-belgesel,tTE04HsRdLE,Helete Peynirinin Zorlu Yolculuğu🐐🧀 #trt #belgesel #keçi #peynir #shorts,2026-09-26,https://www.youtube.com/watch?v=tTE04HsRdLE,https://i.ytimg.com/vi/tTE04HsRdLE/hqdefault.jpg
trt-belgesel,zho5xRCegh8,Fillerin Suyu Bulma Yeteneği 🐘💧 #trt #belgesel #fil #doğa #shorts,2026-09-26,https://www.youtube.com/watch?v=zho5xRCegh8,https://i.ytimg.com/vi/zho5xRCegh8/hqdefault.jpg
trt-belgesel,WQYO9CFGkec,Kestane Hasadı🌰#trt #belgesel #kestane #kastamonu #shorts,2026-09-27,https://www.youtube.com/watch?v=WQYO9CFGkec,https://i.ytimg.com/vi/WQYO9CFGkec/hqdefault.jpg
voices-of-the-past,D6a66ERGWVI,@ArtandContext - A New Channel From The Editor Of Voices of the Past,2023-11-21,https://www.youtube.com/watch?v=D6a66ERGWVI,https://i.ytimg.com/vi/D6a66ERGWVI/hqdefault.jpg
voices-of-the-past,gQvtkGdkqXI,5 First Hand Accounts of the Worst Military Disasters in History,2023-12-09,https://www.youtube.com/watch?v=gQvtkGdkqXI,https://i.ytimg.com/vi/gQvtkGdkqXI/hqdefault.jpg
voices-of-the-past,IgVnLI-4GGc,Ancient Soldier Gives Epic First-Hand Account of Ancient Warfare,2023-12-22,https://www.youtube.com/watch?v=IgVnLI-4GGc,https://i.ytimg.com/vi/IgVnLI-4GGc/hqdefault.jpg
voices-of-the-past,WZ_Z8WFCLzE,Last Samurai Describes Final Days of Old Japan,2024-02-29,https://www.youtube.com/watch?v=WZ_Z8WFCLzE,https://i.ytimg.com/vi/WZ_Z8WFCLzE/hqdefault.jpg
voices-of-the-past,iq66D8BpJqQ,4 First-Hand Accounts of Civilizations Being Wiped Out,2024-04-30,https://www.youtube.com/watch?v=iq66D8BpJqQ,https://i.ytimg.com/vi/iq66D8BpJqQ/hqdefault.jpg
voices-of-the-past,-h7E6PwktWY,5 Terrified Real Reactions To Seeing New Weapons For The First Time,2024-08-31,https://www.youtube.com/watch?v=-h7E6PwktWY,https://i.ytimg.com/vi/-h7E6PwktWY/hqdefault.jpg
voices-of-the-past,lSXEd6t7n6A,5 Wildest Predictions for the 21st Century from History,2025-05-30,https://www.youtube.com/watch?v=lSXEd6t7n6A,https://i.ytimg.com/vi/lSXEd6t7n6A/hqdefault.jpg
weird-medieval-guys,_nSstGpibPY,The Norman Conquest part IV: The Bastard of Normandy,2025-12-09,https://www.youtube.com/watch?v=_nSstGpibPY,https://i.ytimg.com/vi/_nSstGpibPY/hqdefault.jpg
weird-medieval-guys,0QV6ZigkjvA,The Norman Conquest episode V: The Lake of Blood,2026-01-19,https://www.youtube.com/watch?v=0QV6ZigkjvA,https://i.ytimg.com/vi/0QV6ZigkjvA/hqdefault.jpg
weird-medieval-guys,-N1-EmQiai4,Weird medieval mailbag #3,2026-02-02,https://www.youtube.com/watch?v=-N1-EmQiai4,https://i.ytimg.com/vi/-N1-EmQiai4/hqdefault.jpg
weird-medieval-guys,_18XM15qLIY,Medieval drinking culture,2026-02-03,https://www.youtube.com/watch?v=_18XM15qLIY,https://i.ytimg.com/vi/_18XM15qLIY/hqdefault.jpg
weird-medieval-guys,wkd2oeYeeVs,Reviewing Medieval Movies,2026-05-28,https://www.youtube.com/watch?v=wkd2oeYeeVs,https://i.ytimg.com/vi/wkd2oeYeeVs/hqdefault.jpg
weird-medieval-guys,PWhX6H17qXQ,Was Mansa Musa the richest man in history?,2026-09-14,https://www.youtube.com/watch?v=PWhX6H17qXQ,https://i.ytimg.com/vi/PWhX6H17qXQ/hqdefault.jpg
welsh-viking,MQt1MO7cYFs,Enough with AI history!,2026-03-19,https://www.youtube.com/watch?v=MQt1MO7cYFs,https://i.ytimg.com/vi/MQt1MO7cYFs/hqdefault.jpg
welsh-viking,HYKUHr__nuI,Head over to https://cherrypick.gg/WelshViking26 to download June's Journey for free!,2026-04-14,https://www.youtube.com/watch?v=HYKUHr__nuI,https://i.ytimg.com/vi/HYKUHr__nuI/hqdefault.jpg
welsh-viking,Z84GZ16j_6o,Chernobyl 40th anniversary #history #chernobyl #cymru #wales,2026-04-26,https://www.youtube.com/watch?v=Z84GZ16j_6o,https://i.ytimg.com/vi/Z84GZ16j_6o/hqdefault.jpg
welsh-viking,IP3x9O96Q2k,Festival Camping Tips From a Reenactor (There Will Be Mud),2026-05-13,https://www.youtube.com/watch?v=IP3x9O96Q2k,https://i.ytimg.com/vi/IP3x9O96Q2k/hqdefault.jpg
welsh-viking,X1VpRzLWJh0,I Made an 18th Century Smock For a Hobbit LARP,2026-05-23,https://www.youtube.com/watch?v=X1VpRzLWJh0,https://i.ytimg.com/vi/X1VpRzLWJh0/hqdefault.jpg
welsh-viking,F2D3R9CWULg,"You Really, Really Don't Need Generative AI",2026-07-12,https://www.youtube.com/watch?v=F2D3R9CWULg,https://i.ytimg.com/vi/F2D3R9CWULg/hqdefault.jpg
welsh-viking,rASvF2AH49k,The Uprising: Another Boring Grey Medieval Movie,2026-08-10,https://www.youtube.com/watch?v=rASvF2AH49k,https://i.ytimg.com/vi/rASvF2AH49k/hqdefault.jpg
welsh-viking,a7B1vfQGUE4,Stop Making Bland History Movies,2026-09-05,https://www.youtube.com/watch?v=a7B1vfQGUE4,https://i.ytimg.com/vi/a7B1vfQGUE4/hqdefault.jpg
