id,influencer_id,title,platform,url,thumbnail,published,year_start,year_end,era,places,tags,verified,notes
v001,stefan-milo,What really happened to the last Neanderthals?,youtube,https://www.youtube.com/watch?v=L8xTU0oC4Nk,https://i.ytimg.com/vi/L8xTU0oC4Nk/hqdefault.jpg,2026-06-15,-50000,-38000,Middle to Upper Palaeolithic transition,,neanderthals;human-evolution;palaeolithic,yes,Period editorial: Neanderthal disappearance c.40 ka BP
v002,dan-davis-history,Who Were Europe’s First People? The Story of the Aurignacian Culture,youtube,https://www.youtube.com/watch?v=-gGvXWpx2pA,https://i.ytimg.com/vi/-gGvXWpx2pA/hqdefault.jpg,2026-07-27,-43000,-26000,Aurignacian,,palaeolithic;europe;culture,yes,
v003,dan-davis-history,The Mystery of the Ice Age Lion-man #history #archeology,reel,https://www.youtube.com/watch?v=xihn2z9R6dE,https://i.ytimg.com/vi/xihn2z9R6dE/hqdefault.jpg,2026-08-02,-40000,-35000,Aurignacian,hohlenstein-stadel,palaeolithic;art;germany,yes,
v004,dan-davis-history,The Stunning Ice Age Artworks of Chauvet Cave  #history #archeology,reel,https://www.youtube.com/watch?v=WyG-lyKYf68,https://i.ytimg.com/vi/WyG-lyKYf68/hqdefault.jpg,2026-08-05,-34000,-30000,Aurignacian,chauvet,palaeolithic;cave-art;france,yes,
v005,dan-davis-history,Are These Ice Age Markings the World's Oldest Writing? #history #archeology,reel,https://www.youtube.com/watch?v=C9JlIRzvac0,https://i.ytimg.com/vi/C9JlIRzvac0/hqdefault.jpg,2026-08-03,-25000,-14000,Upper Palaeolithic,,palaeolithic;signs;writing,yes,Span editorial
v006,prehistory-guys,Inside the Excavations: Göbekli Tepe As You've Never Seen It,youtube,https://www.youtube.com/watch?v=_YqCt-Mbaq4,https://i.ytimg.com/vi/_YqCt-Mbaq4/hqdefault.jpg,2026-08-22,-9600,-8000,Pre-Pottery Neolithic,gobekli-tepe,neolithic;monuments;excavation,yes,
v007,inrap,Les premiers Parisiens - Éclats d'archéo #2 (Version LSF),youtube,https://www.youtube.com/watch?v=JOs6kRNGbnk,https://i.ytimg.com/vi/JOs6kRNGbnk/hqdefault.jpg,2026-06-29,-8000,-4000,Mesolithic to Neolithic Paris basin,paris,mesolithic;settlement;france,yes,Version LSF (langue des signes française) of the site film
v008,miniminuteman,The Skeleton That Rewrote European History - The Bad Dürrenberg Shaman,youtube,https://www.youtube.com/watch?v=3Oh6bC4t7q8,https://i.ytimg.com/vi/3Oh6bC4t7q8/hqdefault.jpg,2026-06-21,-7000,-6800,Mesolithic,bad-durrenberg,burial;mesolithic;germany,yes,
v009,prehistory-guys,"Touching 8,000 Years of Prehistory: Michael Overwhelmed at Çukuriçi Höyük!",reel,https://www.youtube.com/watch?v=FKHOVCaxN3s,https://i.ytimg.com/vi/FKHOVCaxN3s/hqdefault.jpg,2026-07-15,-6700,-5500,Early Neolithic Anatolia,cukurici-hoyuk,neolithic;anatolia;excavation,yes,
v010,stefan-milo,the ancient 300 year megadrought was probably not great.,youtube,https://www.youtube.com/watch?v=A_9uskaEOm8,https://i.ytimg.com/vi/A_9uskaEOm8/hqdefault.jpg,2025-12-22,-6250,-5950,8.2 kiloyear event,,climate;mesolithic;neolithic,yes,Subject confirmed from the video description: the 8.2 ka event
v011,dan-davis-history,The Mystery of the Trypillia Culture Burial Rites #history #ancienthistory #archeology,reel,https://www.youtube.com/watch?v=bPf4ZIKdBs8,https://i.ytimg.com/vi/bPf4ZIKdBs8/hqdefault.jpg,2026-06-18,-5500,-2750,Cucuteni-Trypillia culture,trypillia,neolithic;burial;ukraine,yes,
v012,prehistory-guys,"Does This Mean There Was a Massacre at Vráble-Veľké 7,000 Years Ago?",youtube,https://www.youtube.com/watch?v=xWdUt9PJp18,https://i.ytimg.com/vi/xWdUt9PJp18/hqdefault.jpg,2026-07-31,-5300,-4900,Linear Pottery culture,vrable,neolithic;violence;europe,yes,
v013,inrap,La Dame de Villers-Carbonnel - Éclats d'archéo #7 (Version LSF),youtube,https://www.youtube.com/watch?v=fewGSuVx4bY,https://i.ytimg.com/vi/fewGSuVx4bY/hqdefault.jpg,2026-06-29,-4300,-3800,Middle Neolithic,villers-carbonnel,neolithic;figurine;france,yes,Version LSF (langue des signes française) of the site film
v014,prehistory-guys,We Ranked 40 Prehistoric Sites in England (Don't Get Mad!),youtube,https://www.youtube.com/watch?v=BeQM_c-qvEg,https://i.ytimg.com/vi/BeQM_c-qvEg/hqdefault.jpg,2026-08-14,-4000,-800,British prehistory,stonehenge,prehistory;monuments;britain,yes,Stonehenge anchors a 40-site survey
v015,time-team-classics,"A Neolithic Cathedral? (Full Episode) | S12 EP5 | Time Team (Northborough, Cambridgeshire)",youtube,https://www.youtube.com/watch?v=JGbOM1dSV64,https://i.ytimg.com/vi/JGbOM1dSV64/hqdefault.jpg,2026-08-27,-3800,-3000,Neolithic Britain,northborough,neolithic;monuments;britain,yes,
v016,dan-davis-history,The Fall of Neolithic Europe | The Globular Amphora Culture,youtube,https://www.youtube.com/watch?v=jvrFAJCBTm8,https://i.ytimg.com/vi/jvrFAJCBTm8/hqdefault.jpg,2026-07-31,-3400,-2800,Globular Amphora culture,,neolithic;europe;culture,yes,
v017,le-bizarreum,"Rencontre avec Ötzi, la momie des glaces.",youtube,https://www.youtube.com/watch?v=F5603RjajGU,https://i.ytimg.com/vi/F5603RjajGU/hqdefault.jpg,2022-09-30,-3350,-3105,Chalcolithic Alps,otzi-similaun,mummies;alps;bioarchaeology,yes,
v018,time-team,Look around the Ness of Brodgar with the Time Team virtual tour!,reel,https://www.youtube.com/watch?v=kEOb_2bCnng,https://i.ytimg.com/vi/kEOb_2bCnng/hqdefault.jpg,2026-08-21,-3300,-2300,Neolithic Orkney,ness-of-brodgar,neolithic;fieldwork;orkney,yes,
v019,time-team,Digging a neolithic mystery on Orkney | Time Team podcast,youtube,https://www.youtube.com/watch?v=qKw5HV1wzak,https://i.ytimg.com/vi/qKw5HV1wzak/hqdefault.jpg,2026-08-18,-3300,-2300,Neolithic Orkney,ness-of-brodgar,neolithic;fieldwork;podcast,yes,
v020,time-team,3D Trench visual from the Ness of Brodgar,reel,https://www.youtube.com/watch?v=LyMfKK-7HXM,https://i.ytimg.com/vi/LyMfKK-7HXM/hqdefault.jpg,2026-08-08,-3300,-2300,Neolithic Orkney,ness-of-brodgar,neolithic;fieldwork;3d,yes,
v021,time-team,Will Time Team get the answers they are looking for at the Ness of Brodgar?,reel,https://www.youtube.com/watch?v=chOXf_l2hic,https://i.ytimg.com/vi/chOXf_l2hic/hqdefault.jpg,2026-07-30,-3300,-2300,Neolithic Orkney,ness-of-brodgar,neolithic;fieldwork;orkney,yes,
v022,prehistory-guys,LERNA: The Most Extraordinary Prehistoric Archaeological Site You've Never Heard Of.,youtube,https://www.youtube.com/watch?v=mWEKTh86oGU,https://i.ytimg.com/vi/mWEKTh86oGU/hqdefault.jpg,2026-08-07,-3000,-2200,Early Helladic,lerna,bronze-age;greece;settlement,yes,
v023,ancient-americas,The Forgotten Crops of North America: The Eastern Agricultural Complex,youtube,https://www.youtube.com/watch?v=wpTUCS3mPaY,https://i.ytimg.com/vi/wpTUCS3mPaY/hqdefault.jpg,2025-10-16,-3000,1200,Eastern Agricultural Complex,cahokia,north-america;agriculture;domestication,yes,Cahokia anchors the Eastern Woodlands; not the sole subject
v024,ancient-americas,How weeds became crops.  #history #indigenous #agriculture #nativeamerican,reel,https://www.youtube.com/watch?v=6vi3bLpCKTE,https://i.ytimg.com/vi/6vi3bLpCKTE/hqdefault.jpg,2025-10-16,-3000,1200,Eastern Agricultural Complex,cahokia,north-america;agriculture;domestication,yes,
v025,revues-du-monde,Ce qu'on a (vraiment) retrouvé sous les pyramides,youtube,https://www.youtube.com/watch?v=-7cc542PREw,https://i.ytimg.com/vi/-7cc542PREw/hqdefault.jpg,2025-06-08,-2600,-2500,Old Kingdom Egypt,giza,debunking;egypt;pyramids,yes,
v026,miniminuteman,The Nightmare of The “Great Death Pit”,reel,https://www.youtube.com/watch?v=NWHkG8aePGw,https://i.ytimg.com/vi/NWHkG8aePGw/hqdefault.jpg,2026-07-20,-2600,-2450,Early Dynastic Mesopotamia,ur,burial;mesopotamia;ritual,yes,Great Death Pit = Royal Cemetery of Ur
v027,archeostoria,Harappa:l'enigmatica metropoli della civiltà della valle dell'Indo. #pakistan #india #harappa,youtube,https://www.youtube.com/watch?v=pNHQnuYdoAo,https://i.ytimg.com/vi/pNHQnuYdoAo/hqdefault.jpg,2026-05-04,-2600,-1900,Indus Valley civilisation,harappa,indus;urbanism;south-asia,yes,
v028,nota-bene,La centrale électrique de Khéops...? #Shorts,reel,https://www.youtube.com/watch?v=56fJSBP3lBg,https://i.ytimg.com/vi/56fJSBP3lBg/hqdefault.jpg,2026-08-29,-2560,-2540,Old Kingdom Egypt,giza,debunking;egypt;pyramids,yes,
v029,damilee,The Pyramid's Payroll Survived. The Blueprints Didn't.,reel,https://www.youtube.com/watch?v=yHET74gmTbk,https://i.ytimg.com/vi/yHET74gmTbk/hqdefault.jpg,2026-09-01,-2560,-2540,Old Kingdom Egypt,giza,egypt;pyramids;labour;architecture,yes,
v030,damilee,The Genius of the Great Pyramid's Architecture,reel,https://www.youtube.com/watch?v=XbQHK8suS5Q,https://i.ytimg.com/vi/XbQHK8suS5Q/hqdefault.jpg,2026-08-26,-2560,-2540,Old Kingdom Egypt,giza,egypt;pyramids;architecture;engineering,yes,
v031,damilee,The Pyramids Weren't Built. They Were Unbuilt.,reel,https://www.youtube.com/watch?v=WI_Vb68TZaM,https://i.ytimg.com/vi/WI_Vb68TZaM/hqdefault.jpg,2026-08-19,-2560,-2540,Old Kingdom Egypt,giza,egypt;pyramids;construction;architecture,yes,
v032,damilee,This New Pyramid Theory Explains the Missing Evidence,youtube,https://www.youtube.com/watch?v=h5kWDOuY2Uo,https://i.ytimg.com/vi/h5kWDOuY2Uo/hqdefault.jpg,2026-01-29,-2560,-2540,Old Kingdom Egypt,giza,egypt;pyramids;construction;architecture,yes,
v033,miniminuteman,"The New ""Second Sphinx"" Theory Is Incredibly Stupid",youtube,https://www.youtube.com/watch?v=fHxlV1DgpyE,https://i.ytimg.com/vi/fHxlV1DgpyE/hqdefault.jpg,2026-07-05,-2560,-2500,Old Kingdom Egypt,giza,debunking;egypt;sphinx,yes,
v034,miniminuteman,The Second Sphinx Theory Is Very Stupid,reel,https://www.youtube.com/watch?v=V9x08GTyixI,https://i.ytimg.com/vi/V9x08GTyixI/hqdefault.jpg,2026-07-06,-2560,-2500,Old Kingdom Egypt,giza,debunking;egypt;sphinx,yes,Short-form version of the long video
v035,terra-x-history,7 Weltwunder der Antike: Wo waren sie? | Terra X,reel,https://www.youtube.com/watch?v=9NMVl-uRudY,https://i.ytimg.com/vi/9NMVl-uRudY/hqdefault.jpg,2026-08-28,-2560,-226,Ancient world,giza;alexandria;olympia,wonders;antiquity;monuments,yes,Wide span: the seven wonders are not contemporaneous
v036,nota-bene,Un élève bouffe sa tablette en argile,reel,https://www.youtube.com/watch?v=y3D8jIEv_D4,https://i.ytimg.com/vi/y3D8jIEv_D4/hqdefault.jpg,2026-09-03,-1900,-1600,Old Babylonian period,ur,mesopotamia;writing;education,yes,
v037,dan-davis-history,Which Bronze Age King Made the Nebra Sky Disc? #history #archeology,reel,https://www.youtube.com/watch?v=-FTNiK53fS0,https://i.ytimg.com/vi/-FTNiK53fS0/hqdefault.jpg,2026-06-29,-1800,-1600,Early Bronze Age Europe,nebra,bronze-age;astronomy;germany,yes,
v038,passe-sauvage,Le disque de PhaÏstos : FAKE ?! #shorts #culture,reel,https://www.youtube.com/watch?v=f4jgmnheUlU,https://i.ytimg.com/vi/f4jgmnheUlU/hqdefault.jpg,2025-12-03,-1700,-1600,Minoan Crete,phaistos,minoan;writing;debunking,yes,
v039,ancient-americas,The Rise of the Olmec,youtube,https://www.youtube.com/watch?v=HPTTMXj4K00,https://i.ytimg.com/vi/HPTTMXj4K00/hqdefault.jpg,2026-06-12,-1600,-1200,Early Olmec,san-lorenzo,mesoamerica;olmec;origins,yes,
v040,dan-davis-history,What Mycenaean Greek Women REALLY Looked Like  #history  #ancienthistory #ancientgreece,reel,https://www.youtube.com/watch?v=iclncEQtCZo,https://i.ytimg.com/vi/iclncEQtCZo/hqdefault.jpg,2026-07-18,-1600,-1100,Mycenaean Greece,mycenae,bronze-age;greece;material-culture,yes,
v041,ancient-americas,Basketmaker Culture and Puebloan Origins,youtube,https://www.youtube.com/watch?v=RHpkiUdxV-8,https://i.ytimg.com/vi/RHpkiUdxV-8/hqdefault.jpg,2026-04-16,-1500,750,Basketmaker,mesa-verde;chaco-canyon,north-america;puebloan;agriculture,yes,
v042,ancient-americas,The Mesoamerican Ballgame: More Than Just a Game,youtube,https://www.youtube.com/watch?v=ckgZwwWUw8I,https://i.ytimg.com/vi/ckgZwwWUw8I/hqdefault.jpg,2025-12-01,-1400,1521,Mesoamerican ballgame,chichen-itza;la-venta,mesoamerica;ritual;sport,yes,
v043,archeostoria,Tutankhamon: un viaggio nell'antico Egitto tra storia ed archeologia con @egittosocialclub72,youtube,https://www.youtube.com/watch?v=F661JkxAq_A,https://i.ytimg.com/vi/F661JkxAq_A/hqdefault.jpg,2025-11-28,-1332,-1323,New Kingdom Egypt,luxor,egypt;tomb;tutankhamun,yes,
v044,terra-x-history,Der erste Friedensvertrag der Geschichte? | Terra X,reel,https://www.youtube.com/watch?v=CIbbGICUmJA,https://i.ytimg.com/vi/CIbbGICUmJA/hqdefault.jpg,2026-08-14,-1274,-1259,Late Bronze Age,kadesh,bronze-age;diplomacy;egypt,yes,Egyptian-Hittite treaty after Kadesh
v045,ancient-girl,The Trojan War in under a minute #ancientgreece #trojanwar #greekmythology #ancienthistory  #history,reel,https://www.youtube.com/watch?v=bRBp-pJJRvE,https://i.ytimg.com/vi/bRBp-pJJRvE/hqdefault.jpg,2025-03-05,-1250,-1180,Trojan War tradition,troy,greece;troy;myth,yes,
v046,ancient-girl,The Trojan War: history or mythology? #ancientgreece #trojanwar #greekmythology #ancienthistory,reel,https://www.youtube.com/watch?v=P3n-ljqWkgE,https://i.ytimg.com/vi/P3n-ljqWkgE/hqdefault.jpg,2025-02-28,-1250,-1180,Trojan War tradition,troy,greece;troy;myth;historicity,yes,
v047,historia-civilis,The Bronze Age Collapse (approximately 1200 B.C.E.),youtube,https://www.youtube.com/watch?v=aq4G-7v-_xI,https://i.ytimg.com/vi/aq4G-7v-_xI/hqdefault.jpg,2020-07-25,-1250,-1150,Late Bronze Age Collapse,hattusa;mycenae;troy,collapse;bronze-age;systems,yes,
v048,einfach-antike,Homers Ilias – Die Geschichte von Achills Zorn – Einfach Antike,youtube,https://www.youtube.com/watch?v=epl7OUPR2t4,https://i.ytimg.com/vi/epl7OUPR2t4/hqdefault.jpg,2026-06-28,-1250,-700,Trojan War tradition,troy,greece;epic;homer,yes,
v049,kings-and-generals,Were the Sea Peoples Actually Greek? Did Greeks Destroy the Bronze Age?,youtube,https://www.youtube.com/watch?v=0RDCTHMXjgg,https://i.ytimg.com/vi/0RDCTHMXjgg/hqdefault.jpg,2026-08-25,-1200,-1150,Late Bronze Age Collapse,mycenae;hattusa,bronze-age;sea-peoples;collapse,yes,
v050,academia-play,La Odisea (2026) - ANÁLISIS HISTÓRICO,youtube,https://www.youtube.com/watch?v=YVOVL0NRw-w,https://i.ytimg.com/vi/YVOVL0NRw-w/hqdefault.jpg,2026-07-18,-1200,-700,Trojan War tradition,troy,greece;epic;reception,yes,
v051,ancient-americas,The Olmec Golden Age,youtube,https://www.youtube.com/watch?v=2QdyjyDQ8TI,https://i.ytimg.com/vi/2QdyjyDQ8TI/hqdefault.jpg,2026-07-24,-1200,-400,Olmec,la-venta;san-lorenzo,mesoamerica;olmec;urbanism,yes,
v052,history-hit,Ancient Historian Answers Your Greek Myth Questions,youtube,https://www.youtube.com/watch?v=Sta6s648Mw0,https://i.ytimg.com/vi/Sta6s648Mw0/hqdefault.jpg,2026-07-16,-1200,-400,Greek myth and epic,athens,greece;myth;reception,yes,Athens as anchor: myth has no single place
v053,passe-sauvage,Le mythe des Africains au Mexique #short #archeology,reel,https://www.youtube.com/watch?v=xmbUkfQI5rE,https://i.ytimg.com/vi/xmbUkfQI5rE/hqdefault.jpg,2025-12-11,-1200,-400,Olmec,la-venta,mesoamerica;debunking;olmec,yes,
v054,fall-of-civilizations,18. Egypt - Fall of the Pharaohs,youtube,https://www.youtube.com/watch?v=YpKej05RgsY,https://i.ytimg.com/vi/YpKej05RgsY/hqdefault.jpg,2024-04-30,-1069,-30,Third Intermediate to Ptolemaic Egypt,luxor;alexandria,collapse;egypt;empire,yes,Span editorial: post-New-Kingdom decline
v055,ancient-americas,The Lord of Las Limas has a crazy story. #indigenous #olmec #ancienthistory #history #culture,reel,https://www.youtube.com/watch?v=Inc6Pk-G2bE,https://i.ytimg.com/vi/Inc6Pk-G2bE/hqdefault.jpg,2026-06-12,-1000,-400,Olmec,san-lorenzo,mesoamerica;olmec;sculpture,yes,
v056,ancient-americas,The Ancient Chumash: Chiefs and Canoes in California,youtube,https://www.youtube.com/watch?v=PRd0vv24zjk,https://i.ytimg.com/vi/PRd0vv24zjk/hqdefault.jpg,2025-09-10,-1000,1800,Chumash,santa-barbara-channel,north-america;maritime;chiefdoms,yes,
v057,fall-of-civilizations,17. Carthage - Empire of the Phoenicians,youtube,https://www.youtube.com/watch?v=6dbdVhVSat8,https://i.ytimg.com/vi/6dbdVhVSat8/hqdefault.jpg,2023-06-18,-814,-146,Punic Carthage,carthage,collapse;phoenician;punic-wars,yes,
v058,history-hit,"Ancient Greece: Medusa, War, Myths and Civilization",youtube,https://www.youtube.com/watch?v=XB3HDjp7fDs,https://i.ytimg.com/vi/XB3HDjp7fDs/hqdefault.jpg,2026-07-23,-800,-323,Archaic and Classical Greece,athens,greece;myth;civilization,yes,
v059,ancient-girl,S3xual LOVE in Ancient Greek - EROS #ancientgreek #greekphilosophy,reel,https://www.youtube.com/watch?v=vtcpDZe5PGk,https://i.ytimg.com/vi/vtcpDZe5PGk/hqdefault.jpg,2025-03-02,-800,-300,Ancient Greek language,,greece;language;philosophy,yes,"No place: subject is a word, not a site"
v060,ancient-girl,The Unconditional LOVE in Ancient Greek - Agape #ancientgreek #greekphilosophy,reel,https://www.youtube.com/watch?v=eZlj4mT05Yk,https://i.ytimg.com/vi/eZlj4mT05Yk/hqdefault.jpg,2025-02-15,-800,-300,Ancient Greek language,,greece;language;philosophy,yes,"No place: subject is a word, not a site"
v061,ancient-girl,Gym or naked? - The crazy origin of the world GYM! #etymology #ancientgreek #funfacts,reel,https://www.youtube.com/watch?v=HEq5vwGRyLo,https://i.ytimg.com/vi/HEq5vwGRyLo/hqdefault.jpg,2025-02-10,-800,-300,Ancient Greek language,,greece;language;etymology,yes,"No place: subject is a word, not a site"
v062,einfach-antike,Athene – Götter Guide – Einfach Antike,youtube,https://www.youtube.com/watch?v=ZhGHVzcZaIA,https://i.ytimg.com/vi/ZhGHVzcZaIA/hqdefault.jpg,2026-07-26,-800,-300,Archaic and Classical Greece,athens,greece;religion;myth,yes,
v063,ancient-girl,The Ancient Olympic Games - some more weird facts #ancientgreece #history #olympichistory #olympics,reel,https://www.youtube.com/watch?v=JD-AnflQF6s,https://i.ytimg.com/vi/JD-AnflQF6s/hqdefault.jpg,2025-03-04,-776,393,Ancient Olympic Games,olympia,greece;olympics;sport,yes,
v064,ancient-girl,The Weirdest Facts about the Ancient Olympic Games #ancientgreece #history #olympichistory #olympics,reel,https://www.youtube.com/watch?v=WX5bhf_7cOc,https://i.ytimg.com/vi/WX5bhf_7cOc/hqdefault.jpg,2025-03-03,-776,393,Ancient Olympic Games,olympia,greece;olympics;sport,yes,
v065,ancient-girl,Ancient Olympics: More Weird Facts  #ancientgreece #history #olympichistory #olympics,reel,https://www.youtube.com/watch?v=gFp3xIufR7U,https://i.ytimg.com/vi/gFp3xIufR7U/hqdefault.jpg,2025-03-01,-776,393,Ancient Olympic Games,olympia,greece;olympics;sport,yes,
v066,ancient-girl,The Ancient Olympics - Weird Facts #ancientgreece #history #olympichistory #olympics,reel,https://www.youtube.com/watch?v=r3R-QGWoYX0,https://i.ytimg.com/vi/r3R-QGWoYX0/hqdefault.jpg,2025-02-27,-776,393,Ancient Olympic Games,olympia,greece;olympics;sport,yes,
v067,ancient-girl,7 Weird Facts about the Ancient Olympics #ancienthistory #ancientgreece #funfacts #olympics,reel,https://www.youtube.com/watch?v=kIqv8Z42U2o,https://i.ytimg.com/vi/kIqv8Z42U2o/hqdefault.jpg,2025-02-12,-776,393,Ancient Olympic Games,olympia,greece;olympics;sport,yes,
v068,ancient-girl,The Ancient Olympics #ancienthistory #ancientgreece #funfacts #trivia #olympics #olympicgames,reel,https://www.youtube.com/watch?v=h-SmJM9MF8U,https://i.ytimg.com/vi/h-SmJM9MF8U/hqdefault.jpg,2025-02-11,-776,393,Ancient Olympic Games,olympia,greece;olympics;sport,yes,
v069,nota-bene,L'éclipse solaire qui a arrêté une guerre,reel,https://www.youtube.com/watch?v=6IAcI24qqpc,https://i.ytimg.com/vi/6IAcI24qqpc/hqdefault.jpg,2026-08-10,-585,-585,Archaic Anatolia,halys,antiquity;eclipse;battle,yes,"Eclipse of Thales, Lydians and Medes"
v070,archeostoria,Ciro il grande: un viaggio alla scoperta dell'antico impero persiano. Con @IncontridiStoria,youtube,https://www.youtube.com/watch?v=VV82O7CrDzE,https://i.ytimg.com/vi/VV82O7CrDzE/hqdefault.jpg,2026-01-17,-559,-530,Achaemenid Persia,pasargadae,persia;empire;cyrus,yes,
v071,kings-and-generals,Who Was Really Roman? When Did Romans Stop Being Roman?,youtube,https://www.youtube.com/watch?v=weBFFygUxxc,https://i.ytimg.com/vi/weBFFygUxxc/hqdefault.jpg,2026-09-03,-509,1453,Roman and Byzantine identity,rome;constantinople,rome;identity;byzantine,yes,Deliberately wide: the question spans the whole Roman era
v072,passe-sauvage,La découverte la plus étonnante jamais faite dans une tourbière.,reel,https://www.youtube.com/watch?v=N8i_e4W_DWg,https://i.ytimg.com/vi/N8i_e4W_DWg/hqdefault.jpg,2025-12-08,-500,400,Iron Age northern Europe,,bog-bodies;iron-age;europe,yes,No place: several bog finds discussed
v073,inrap,La tombe princière de Lavau - Éclats d'archéo #4 (Version LSF),youtube,https://www.youtube.com/watch?v=9XFO26p2bUg,https://i.ytimg.com/vi/9XFO26p2bUg/hqdefault.jpg,2026-06-29,-450,-400,Early La Tene,lavau,celts;princely-burial;france,yes,Version LSF (langue des signes française) of the site film
v074,history-hit,Ancient Historian LOVES Assassins Creed Odyssey,youtube,https://www.youtube.com/watch?v=r0EPIdV6rs8,https://i.ytimg.com/vi/r0EPIdV6rs8/hqdefault.jpg,2026-08-13,-431,-404,Peloponnesian War,athens,greece;war;reception,yes,
v075,ancient-girl,The Ancient S3x Strike of the Lisistrata #ancientgreece #funfacts #trivia,reel,https://www.youtube.com/watch?v=NoOb50FJDn8,https://i.ytimg.com/vi/NoOb50FJDn8/hqdefault.jpg,2025-03-06,-411,-411,Classical Athens,athens,greece;theatre;aristophanes,yes,
v076,kings-and-generals,When Celtic Warriors Conquered Northern Italy,reel,https://www.youtube.com/watch?v=430TRqgPrFs,https://i.ytimg.com/vi/430TRqgPrFs/hqdefault.jpg,2026-09-02,-400,-390,Celtic invasions of Italy,rome,celts;migration;battle,yes,
v077,ancient-girl,The First Female Olympic Winner #ancientgreece #ancienthistory #olympics #olympicgames #funfacts,reel,https://www.youtube.com/watch?v=p9e3b1xm3o8,https://i.ytimg.com/vi/p9e3b1xm3o8/hqdefault.jpg,2025-02-13,-396,-392,Ancient Olympic Games,olympia,greece;olympics;women,yes,Kyniska won the four-horse chariot race in 396 and 392 BCE
v078,einfach-antike,Olympias – Die Mutter Alexanders des Großen – Steckbrief Antike,youtube,https://www.youtube.com/watch?v=meO45tPP2UM,https://i.ytimg.com/vi/meO45tPP2UM/hqdefault.jpg,2026-05-31,-375,-316,Macedonian kingdom,pella,macedonia;biography;women,yes,
v079,ancient-girl,Ptolemy I  #ancienthistory #ancientgreece #ancientegypt #alexanderthegreat  #history,reel,https://www.youtube.com/watch?v=TqERz7vc8Yk,https://i.ytimg.com/vi/TqERz7vc8Yk/hqdefault.jpg,2025-02-16,-367,-282,Hellenistic Egypt,alexandria,hellenistic;egypt;ptolemies,yes,
v080,archeostoria,La porta rosa. #accaddeoggi #history #shorts #festadelladonna #architecture #italia #grecia #perte,reel,https://www.youtube.com/watch?v=o_wzMNZzzaY,https://i.ytimg.com/vi/o_wzMNZzzaY/hqdefault.jpg,2026-03-08,-350,-250,Magna Graecia,velia,greece;architecture;italy,yes,The Porta Rosa arch at Velia
v081,archeostoria,La tomba di Filippo II. #archeologia #history #curiosità#shorts #greece #macedonia #reels #perte,reel,https://www.youtube.com/watch?v=YxIAXuKom1M,https://i.ytimg.com/vi/YxIAXuKom1M/hqdefault.jpg,2025-11-09,-336,-336,Macedonian kingdom,vergina,macedonia;tomb;greece,yes,Tomb of Philip II at Vergina
v082,ancient-girl,What happens after Alexander the Great dies? - The Diadochi Era! #history #alexanderthegreat,reel,https://www.youtube.com/watch?v=pax3xbUaZsU,https://i.ytimg.com/vi/pax3xbUaZsU/hqdefault.jpg,2025-02-14,-323,-281,Wars of the Diadochi,babylon;alexandria,hellenistic;succession;war,yes,
v083,fall-of-civilizations,15. The Nabataeans - The Last Days Of Petra,youtube,https://www.youtube.com/watch?v=qSfFq02pK4s,https://i.ytimg.com/vi/qSfFq02pK4s/hqdefault.jpg,2022-07-17,-312,106,Nabataean Kingdom,petra,collapse;nabataeans;trade,yes,
v084,history-hit,The Archaeological Discovery of Petra: The Hidden City,youtube,https://www.youtube.com/watch?v=WSj1ZO9fsyU,https://i.ytimg.com/vi/WSj1ZO9fsyU/hqdefault.jpg,2026-07-30,-312,106,Nabataean Kingdom,petra,nabataeans;discovery;archaeology,yes,
v085,premodernist,The boring truth about the Library of Alexandria,youtube,https://www.youtube.com/watch?v=M4WU8gqrgsQ,https://i.ytimg.com/vi/M4WU8gqrgsQ/hqdefault.jpg,2023-08-11,-283,391,Hellenistic to Late Antique Alexandria,alexandria,knowledge;libraries;debunking,yes,
v086,toldinstone,The Rise and Fall of Pergamon,youtube,https://www.youtube.com/watch?v=CiIDqSYB0_s,https://i.ytimg.com/vi/CiIDqSYB0_s/hqdefault.jpg,2026-06-30,-282,133,Attalid Pergamon,pergamon,hellenistic;urbanism;anatolia,yes,
v087,scholagladiatoria,How Roman tactics OBLITERATED enemy spear units,youtube,https://www.youtube.com/watch?v=9X1En_N_4RA,https://i.ytimg.com/vi/9X1En_N_4RA/hqdefault.jpg,2026-08-06,-200,200,Roman Empire,rome,rome;military;tactics,yes,
v088,toldinstone,Numantia: Ancient Rome's Vietnam,youtube,https://www.youtube.com/watch?v=1AO8cx3AAg0,https://i.ytimg.com/vi/1AO8cx3AAg0/hqdefault.jpg,2026-06-12,-143,-133,Numantine War,numantia,rome;siege;iberia,yes,
v089,inrap,La cavalerie fantôme de Gondole - Éclats d'archéo #8 (Version LSF),youtube,https://www.youtube.com/watch?v=bVtDIpAT-fw,https://i.ytimg.com/vi/bVtDIpAT-fw/hqdefault.jpg,2026-07-03,-100,-50,Gallic Gaul,gondole,celts;burial;france,yes,Version LSF (langue des signes française) of the site film
v090,archeostoria,L'antico oppidum gallico di Bibracte.#history #vercingetorix #giuliocesare #france #archeology,youtube,https://www.youtube.com/watch?v=jCeDr-qcjwA,https://i.ytimg.com/vi/jCeDr-qcjwA/hqdefault.jpg,2026-02-02,-100,-25,Gallic oppidum,bibracte,celts;oppidum;gaul,yes,
v091,academia-play,"Grupos religiosos en tiempos de Jesús (saduceos, fariseos, esenios, zelotes, samaritanos...)",youtube,https://www.youtube.com/watch?v=6rDzfnsS1ek,https://i.ytimg.com/vi/6rDzfnsS1ek/hqdefault.jpg,2026-07-22,-100,100,Second Temple Judaea,jerusalem,religion;judaism;antiquity,yes,
v092,scholagladiatoria,Why did ROMANS wear SWORDS on the RIGHT SIDE?,youtube,https://www.youtube.com/watch?v=nEtv2x7Lam8,https://i.ytimg.com/vi/nEtv2x7Lam8/hqdefault.jpg,2026-07-20,-100,300,Roman Empire,rome,rome;military;material-culture,yes,
v093,toldinstone,Romans and the Ruins of Older Civilizations,youtube,https://www.youtube.com/watch?v=tXEslIbMoCI,https://i.ytimg.com/vi/tXEslIbMoCI/hqdefault.jpg,2026-06-22,-100,400,Roman Empire,,rome;antiquarianism;reception,yes,Survey video: no single place
v094,einfach-antike,Was sind Proskriptionen? – Stichwort Antike – Einfach Antike,youtube,https://www.youtube.com/watch?v=J59mo3QHRWk,https://i.ytimg.com/vi/J59mo3QHRWk/hqdefault.jpg,2026-08-09,-82,-43,Late Roman Republic,rome,rome;politics;proscriptions,yes,
v095,academia-play,"«Cleopatra no era egipcia, era griega». ¿Seguro?",reel,https://www.youtube.com/watch?v=cTtvIrHHEmg,https://i.ytimg.com/vi/cTtvIrHHEmg/hqdefault.jpg,2026-09-02,-69,-30,Ptolemaic Egypt,alexandria,hellenistic;egypt;cleopatra,yes,
v096,history-hit,Largest Iron Age Hoard EVER Found (900 Coins!),youtube,https://www.youtube.com/watch?v=xM1lzr2K2cY,https://i.ytimg.com/vi/xM1lzr2K2cY/hqdefault.jpg,2026-08-31,-50,50,Late Iron Age Britain,great-baddow,iron-age;hoard;britain,yes,"Site confirmed from the video description: Great Baddow, Essex"
v097,inrap,Une agglomération antique à Gémenos (Bouches-du-Rhône),reel,https://www.youtube.com/watch?v=tSXHgcgIs2A,https://i.ytimg.com/vi/tSXHgcgIs2A/hqdefault.jpg,2026-06-02,-50,300,Roman Gaul,gemenos,rome;settlement;france,yes,
v098,toldinstone,How Accurate is Shakespeare's Julius Caesar?,youtube,https://www.youtube.com/watch?v=76GCu5x74-I,https://i.ytimg.com/vi/76GCu5x74-I/hqdefault.jpg,2026-03-06,-44,-44,Late Roman Republic,rome,rome;caesar;reception,yes,
v099,einfach-antike,Von Octavian zu Augustus – Vom Krieg zum Frieden? – Einfach Antike – Der Podcast,youtube,https://www.youtube.com/watch?v=SCxB8fi560c,https://i.ytimg.com/vi/SCxB8fi560c/hqdefault.jpg,2026-04-10,-44,-27,End of the Roman Republic,rome,rome;augustus;politics,yes,
v100,historia-civilis,The Battle of Philippi (42 B.C.E.),youtube,https://www.youtube.com/watch?v=gdavaK3d4Pc,https://i.ytimg.com/vi/gdavaK3d4Pc/hqdefault.jpg,2020-09-22,-42,-42,Roman civil wars,philippi,rome;battle;civil-war,yes,
v101,historia-civilis,Sextus Pompeius and the Sicilian War (42 to 36 B.C.E.),youtube,https://www.youtube.com/watch?v=8rt67AqrR74,https://i.ytimg.com/vi/8rt67AqrR74/hqdefault.jpg,2021-01-16,-42,-36,Roman civil wars,sicily,rome;naval;civil-war,yes,
v102,historia-civilis,Antony's Invasion of Parthia (42 to 33 B.C.E.),youtube,https://www.youtube.com/watch?v=POHNhn3WcCc,https://i.ytimg.com/vi/POHNhn3WcCc/hqdefault.jpg,2021-04-24,-42,-33,Late Roman Republic,,rome;parthia;campaign,yes,Parthian campaign: no single site
v103,historia-civilis,War and Peace ...and War (35 to 32 B.C.E.),youtube,https://www.youtube.com/watch?v=HURI6EHXybc,https://i.ytimg.com/vi/HURI6EHXybc/hqdefault.jpg,2022-09-30,-35,-32,Late Roman Republic,rome,rome;politics;civil-war,yes,
v104,historia-civilis,The Battle of Actium (31 B.C.E.),youtube,https://www.youtube.com/watch?v=t7Y-1qMKY_0,https://i.ytimg.com/vi/t7Y-1qMKY_0/hqdefault.jpg,2022-12-17,-31,-31,Roman civil wars,actium,rome;naval;battle,yes,
v105,historia-civilis,The Death of Antony & Cleopatra (30 B.C.E.),youtube,https://www.youtube.com/watch?v=EezHXh-UG-c,https://i.ytimg.com/vi/EezHXh-UG-c/hqdefault.jpg,2023-05-20,-30,-30,End of Ptolemaic Egypt,alexandria,rome;egypt;cleopatra,yes,
v106,toldinstone,Roman Graffiti in Ancient Egypt,youtube,https://www.youtube.com/watch?v=LUJcyDbRYrs,https://i.ytimg.com/vi/LUJcyDbRYrs/hqdefault.jpg,2026-03-20,-30,395,Roman Egypt,luxor,rome;egypt;graffiti,yes,
v107,damilee,You Remember Rome Exactly How Rome Wanted,reel,https://www.youtube.com/watch?v=3jfD0icTx5w,https://i.ytimg.com/vi/3jfD0icTx5w/hqdefault.jpg,2026-08-04,-27,476,Roman Empire,rome,rome;propaganda;architecture;memory,yes,
v108,inrap,2000 ans d'histoire révélée à Autun,reel,https://www.youtube.com/watch?v=cs5Me7ONVrs,https://i.ytimg.com/vi/cs5Me7ONVrs/hqdefault.jpg,2026-07-06,-15,1500,Roman to medieval Autun,autun,excavation;urbanism;france,yes,
v109,damilee,POV: You're a Roman Pleb,reel,https://www.youtube.com/watch?v=gw8wJLd3FKA,https://i.ytimg.com/vi/gw8wJLd3FKA/hqdefault.jpg,2026-07-29,1,300,Roman Empire,rome,rome;daily-life;housing;architecture,yes,Span editorial: the video is about the imperial-era plebs generally
v110,toldinstone,The Roman Gold Mine that Ate Mountains,youtube,https://www.youtube.com/watch?v=DosxcZTjFwE,https://i.ytimg.com/vi/DosxcZTjFwE/hqdefault.jpg,2026-07-10,25,250,Roman Empire,las-medulas,rome;mining;engineering,yes,Place read from the title (Las Medulas); editorial
v111,history-hit,Alice Roberts On The Origins of Christianity,youtube,https://www.youtube.com/watch?v=56Ye4YHdNfs,https://i.ytimg.com/vi/56Ye4YHdNfs/hqdefault.jpg,2026-08-06,30,400,Early Christianity,jerusalem;rome,religion;late-antiquity;origins,yes,
v112,kings-and-generals,"Disease, Plagues, and 28-Year Lifespans in Roman Britain",reel,https://www.youtube.com/watch?v=4N9fQRo_DiQ,https://i.ytimg.com/vi/4N9fQRo_DiQ/hqdefault.jpg,2026-08-28,43,410,Roman Britain,londinium,rome;disease;demography,yes,
v113,kings-and-generals,"Why Did Rome Station 30,000 Troops on One Island",reel,https://www.youtube.com/watch?v=CypSEQLEBnU,https://i.ytimg.com/vi/CypSEQLEBnU/hqdefault.jpg,2026-08-21,43,410,Roman Britain,londinium,rome;military;britain,yes,
v114,time-team-classics,"Mysteries of the Mosaic (Full Episode) | S15 EP5 | Time Team (Coberley, Gloucestershire)",youtube,https://www.youtube.com/watch?v=W3ApuTvL-BQ,https://i.ytimg.com/vi/W3ApuTvL-BQ/hqdefault.jpg,2026-08-23,43,410,Roman Britain,coberley,rome;villa;mosaic,yes,
v115,time-team-classics,"Fighting on the Frontier (Full Episode) | S12 EP4 | Time Team (Drumlanrig, Dumfries and Galloway)",youtube,https://www.youtube.com/watch?v=cIrYmTsSjeA,https://i.ytimg.com/vi/cIrYmTsSjeA/hqdefault.jpg,2026-08-20,43,410,Roman Britain,drumlanrig,rome;frontier;scotland,yes,
v116,le-bizarreum,Portrait d'outre-tombe. #funeraire #archéologie #archaeology #empireromain #histoire,reel,https://www.youtube.com/watch?v=hTv6Lvnt8nY,https://i.ytimg.com/vi/hTv6Lvnt8nY/hqdefault.jpg,2024-11-07,50,250,Roman Egypt,fayum,rome;funerary;portraiture,yes,
v117,einfach-antike,Das Kölner Lararium – Fundstück Antike – Einfach Antike,youtube,https://www.youtube.com/watch?v=9rDariXDHqE,https://i.ytimg.com/vi/9rDariXDHqE/hqdefault.jpg,2026-04-19,50,400,Roman Germania,cologne,rome;religion;material-culture,yes,
v118,damilee,Why Rome Built the Colosseum (It Wasn't For Fun),reel,https://www.youtube.com/watch?v=A79bj6NwKWA,https://i.ytimg.com/vi/A79bj6NwKWA/hqdefault.jpg,2026-07-17,72,80,Flavian Rome,rome,rome;colosseum;architecture;politics,yes,
v119,damilee,The Genius of the Colosseum's Shape,reel,https://www.youtube.com/watch?v=2vArRx8M2Io,https://i.ytimg.com/vi/2vArRx8M2Io/hqdefault.jpg,2026-08-01,72,80,Flavian Rome,rome,rome;colosseum;architecture;engineering,yes,
v120,damilee,You Didn't Find the Colosseum. It Found You.,reel,https://www.youtube.com/watch?v=vi3FqYJahDc,https://i.ytimg.com/vi/vi3FqYJahDc/hqdefault.jpg,2026-07-21,72,80,Flavian Rome,rome,rome;colosseum;urbanism;architecture,yes,
v121,damilee,The Colosseum Wasn't Built for Entertainment,youtube,https://www.youtube.com/watch?v=UJj58txYaTU,https://i.ytimg.com/vi/UJj58txYaTU/hqdefault.jpg,2025-12-19,72,80,Flavian Rome,rome,rome;colosseum;architecture;politics,yes,
v122,toldinstone,Why Wasn't Pompeii Rebuilt After the Eruption?,youtube,https://www.youtube.com/watch?v=6xu4ki6yTJQ,https://i.ytimg.com/vi/6xu4ki6yTJQ/hqdefault.jpg,2026-07-24,79,200,Roman Empire,pompeii;herculaneum,rome;vesuvius;urbanism,yes,
v123,damilee,The Colosseum Was Rome’s Ultimate Psychological Device,reel,https://www.youtube.com/watch?v=2OV-ygn7E34,https://i.ytimg.com/vi/2OV-ygn7E34/hqdefault.jpg,2026-08-12,80,404,Roman Empire,rome,rome;colosseum;power;architecture,yes,Span is the arena’s active life
v124,damilee,The Emperor Who Brought a Book to the Colosseum,reel,https://www.youtube.com/watch?v=CgbZ06Fzt2U,https://i.ytimg.com/vi/CgbZ06Fzt2U/hqdefault.jpg,2026-07-23,80,404,Roman Empire,rome,rome;colosseum;emperors;spectacle,yes,"The emperor is not named in the title, so the span is left as the arena’s active life"
v125,damilee,The Hidden Area Beneath the Colosseum,reel,https://www.youtube.com/watch?v=UwviOkOKL7Q,https://i.ytimg.com/vi/UwviOkOKL7Q/hqdefault.jpg,2026-08-07,81,404,Roman Empire,rome,rome;colosseum;hypogeum;engineering,yes,The hypogeum was added under Domitian
v126,toldinstone,Djemila: Rome's Most Beautiful City,youtube,https://www.youtube.com/watch?v=ZXL5mObibdc,https://i.ytimg.com/vi/ZXL5mObibdc/hqdefault.jpg,2026-04-18,96,500,Roman North Africa,djemila,rome;urbanism;north-africa,yes,
v127,inrap,La mosaïque de Penthée - Éclats d'archéo #6 (Version LSF),youtube,https://www.youtube.com/watch?v=-LYZ8qSZ3nQ,https://i.ytimg.com/vi/-LYZ8qSZ3nQ/hqdefault.jpg,2026-06-29,100,300,Roman Gaul,nimes,rome;mosaic;france,yes,Version LSF (langue des signes française) of the site film
v128,passe-sauvage,Qui a vraiment construit les pyramides du Mexique ?,youtube,https://www.youtube.com/watch?v=Ei_ThhURhzQ,https://i.ytimg.com/vi/Ei_ThhURhzQ/hqdefault.jpg,2025-12-10,100,650,Classic Mesoamerica,teotihuacan,mesoamerica;debunking;pyramids,yes,
v129,einfach-antike,Die Schlacht am Harzhorn – 200 Jahre nach Varus – Das Imperium schlägt zurück? – Einfach Antike,youtube,https://www.youtube.com/watch?v=ue6yopl3q1s,https://i.ytimg.com/vi/ue6yopl3q1s/hqdefault.jpg,2026-08-23,235,235,Roman Germania,harzhorn,rome;battle;germania,yes,
v130,inrap,Le vase diatrète d'Autun - Éclats d'archéo #10 (Version LSF),youtube,https://www.youtube.com/watch?v=tnxb1ajCQXA,https://i.ytimg.com/vi/tnxb1ajCQXA/hqdefault.jpg,2026-06-29,300,400,Late Roman Gaul,autun,rome;glass;france,yes,Version LSF (langue des signes française) of the site film
v131,metatron,Ancient Pictish Metallurgy is FASCINATING,youtube,https://www.youtube.com/watch?v=-rYhRwsydfg,https://i.ytimg.com/vi/-rYhRwsydfg/hqdefault.jpg,2026-05-06,300,900,Pictish period,burghead,early-medieval;metallurgy;scotland,yes,
v132,premodernist,What people get wrong about the Council of Nicaea,youtube,https://www.youtube.com/watch?v=vNQfUv1nnLM,https://i.ytimg.com/vi/vNQfUv1nnLM/hqdefault.jpg,2025-06-12,325,325,Late Antiquity,nicaea,late-antiquity;christianity;council,yes,
v133,toldinstone,Istanbul's Hidden Byzantine Ruins,youtube,https://www.youtube.com/watch?v=hp3rkKHWwEc,https://i.ytimg.com/vi/hp3rkKHWwEc/hqdefault.jpg,2026-08-15,330,1453,Byzantine Constantinople,constantinople,byzantine;urbanism;ruins,yes,
v134,mrwissen2go-geschichte,Byzanz – Das vergessene Römische Reich,youtube,https://www.youtube.com/watch?v=E-r2Ay3t1EE,https://i.ytimg.com/vi/E-r2Ay3t1EE/hqdefault.jpg,2026-03-05,330,1453,Byzantine Empire,constantinople,byzantine;empire;rome,yes,
v135,terra-x-history,Hypatia von Alexandria | Terra X,reel,https://www.youtube.com/watch?v=tqCxHiZBfSE,https://i.ytimg.com/vi/tqCxHiZBfSE/hqdefault.jpg,2026-07-24,350,415,Late Antiquity,alexandria,late-antiquity;science;women,yes,
v136,time-team-classics,"Bodies in the Dunes (Full Episode) | S15 EP3 | Time Team (Allasdale, Barra, Western Isles)",youtube,https://www.youtube.com/watch?v=iEC6zEFiJEo,https://i.ytimg.com/vi/iEC6zEFiJEo/hqdefault.jpg,2026-08-16,400,1100,Late Iron Age to Norse Hebrides,allasdale-barra,burial;norse;scotland,yes,Span editorial
v137,inrap,Les tombes franques de Saint-Dizier - Éclats d'archéo #1 (Version LSF),youtube,https://www.youtube.com/watch?v=GdEfnrH4fUw,https://i.ytimg.com/vi/GdEfnrH4fUw/hqdefault.jpg,2026-06-29,500,600,Merovingian Gaul,saint-dizier,early-medieval;burial;france,yes,Version LSF (langue des signes française) of the site film
v138,ancient-americas,The Wari Empire (was epic!),youtube,https://www.youtube.com/watch?v=xNyxB8BAdY4,https://i.ytimg.com/vi/xNyxB8BAdY4/hqdefault.jpg,2025-06-02,600,1000,Wari Empire,wari,andes;empire;urbanism,yes,
v139,ancient-americas,The Wari Empire Part 1: Wari Origins and Culture,youtube,https://www.youtube.com/watch?v=pJVOMxEigQk,https://i.ytimg.com/vi/pJVOMxEigQk/hqdefault.jpg,2025-05-01,600,1000,Wari Empire,wari,andes;empire;origins,yes,
v140,academia-play,"Sisebuto, Isidoro de Sevilla y los eclipses",reel,https://www.youtube.com/watch?v=tsUaW6KHdQQ,https://i.ytimg.com/vi/tsUaW6KHdQQ/hqdefault.jpg,2026-08-09,612,636,Visigothic Spain,seville,early-medieval;science;iberia,yes,
v141,premodernist,"Medieval Arabic names had 5 parts, but no surname",youtube,https://www.youtube.com/watch?v=mRTGIJAlqyE,https://i.ytimg.com/vi/mRTGIJAlqyE/hqdefault.jpg,2023-06-29,700,1500,Medieval Islamic world,,medieval;names;islamic-world,yes,
v142,metatron,Are Viking Shield Walls Just a Myth?,youtube,https://www.youtube.com/watch?v=uzF8F_1SA0A,https://i.ytimg.com/vi/uzF8F_1SA0A/hqdefault.jpg,2026-02-21,793,1066,Viking Age,,vikings;warfare;debunking,yes,
v143,kings-and-generals,Why the Vikings Buried Their Longships,reel,https://www.youtube.com/watch?v=HNVSu5es49o,https://i.ytimg.com/vi/HNVSu5es49o/hqdefault.jpg,2026-08-26,800,1050,Viking Age,oseberg,vikings;burial;ships,yes,
v144,kings-and-generals,Did Vikings Really Burn Their Ships at Funerals?,reel,https://www.youtube.com/watch?v=oetbFj6dJNk,https://i.ytimg.com/vi/oetbFj6dJNk/hqdefault.jpg,2026-08-24,800,1050,Viking Age,oseberg,vikings;burial;ships,yes,
v145,fall-of-civilizations,16. Bagan - City of Temples,youtube,https://www.youtube.com/watch?v=0MtIVJ2lcu8,https://i.ytimg.com/vi/0MtIVJ2lcu8/hqdefault.jpg,2022-11-03,849,1297,Pagan Kingdom,bagan,collapse;southeast-asia;temples,yes,
v146,kings-and-generals,The Forgotten Battle That Created England - Brunanburh 937,youtube,https://www.youtube.com/watch?v=EI-qoH7eH28,https://i.ytimg.com/vi/EI-qoH7eH28/hqdefault.jpg,2026-08-18,937,937,Anglo-Saxon England,,early-medieval;battle;england,yes,"Brunanburh site unidentified, so no place assigned"
v147,premodernist,Poland and the Renewal of the Roman Empire in the year 1000,youtube,https://www.youtube.com/watch?v=zdUnSENDUak,https://i.ytimg.com/vi/zdUnSENDUak/hqdefault.jpg,2024-06-27,1000,1000,Ottonian Europe,gniezno,medieval;empire;poland,yes,
v148,metatron,Did Medieval People REALLY Use Gold Coins?,youtube,https://www.youtube.com/watch?v=sWDgoaDUrkI,https://i.ytimg.com/vi/sWDgoaDUrkI/hqdefault.jpg,2026-03-02,1000,1500,Medieval Europe,,medieval;economy;coins,yes,
v149,le-bizarreum,La lèpre : Histoire et archéologie,youtube,https://www.youtube.com/watch?v=AGZ8bHQ1GUY,https://i.ytimg.com/vi/AGZ8bHQ1GUY/hqdefault.jpg,2021-12-08,1000,1500,Medieval Europe,,disease;bioarchaeology;medieval,yes,No place: thematic survey
v150,inrap,Le port médiéval de Bordeaux - Éclats d'archéo #3 (Version LSF),youtube,https://www.youtube.com/watch?v=aKYBOPSO8oQ,https://i.ytimg.com/vi/aKYBOPSO8oQ/hqdefault.jpg,2026-06-29,1000,1500,Medieval France,bordeaux,medieval;harbour;france,yes,Version LSF (langue des signes française) of the site film
v151,time-team-classics,The Lost Village Beneath Castle Howard - Unearthing Henderskelf's Secrets | Time Team - S10 E11,youtube,https://www.youtube.com/watch?v=38ZWfCDmWBw,https://i.ytimg.com/vi/38ZWfCDmWBw/hqdefault.jpg,2026-08-31,1000,1700,Medieval to early modern England,castle-howard,medieval;deserted-village;britain,yes,"Embedding is disabled on this video, so oEmbed cannot confirm it; title and live status checked on the watch page instead"
v152,metatron,The ASTONISHING 180 Medieval Towers of Bologna,youtube,https://www.youtube.com/watch?v=HKzGv0L_BGg,https://i.ytimg.com/vi/HKzGv0L_BGg/hqdefault.jpg,2026-04-24,1100,1300,Communal Italy,bologna,medieval;urbanism;italy,yes,
v153,passe-sauvage,Le lion de Venise est en fait un...DRAGON ?! 🐲#venice #histoire #culture,reel,https://www.youtube.com/watch?v=txTxQbaEDPk,https://i.ytimg.com/vi/txTxQbaEDPk/hqdefault.jpg,2025-11-10,1100,1300,Medieval Venice,venice,medieval;sculpture;italy,yes,
v154,premodernist,Advice for time traveling to medieval Europe,youtube,https://www.youtube.com/watch?v=-aSdFrPnlRg,https://i.ytimg.com/vi/-aSdFrPnlRg/hqdefault.jpg,2023-11-09,1100,1400,High to Late Medieval Europe,,medieval;daily-life;travel,yes,
v155,premodernist,Time travel to medieval Europe - Q&A,youtube,https://www.youtube.com/watch?v=_fWrJ4WHz_g,https://i.ytimg.com/vi/_fWrJ4WHz_g/hqdefault.jpg,2023-12-28,1100,1400,High to Late Medieval Europe,,medieval;daily-life;q-and-a,yes,
v156,passe-sauvage,Passionnés d'échecs : quand nous allions jusqu'au Groenland pour acheter des pièces♟️#chess#medieval,reel,https://www.youtube.com/watch?v=6AxG3ZTxRNU,https://i.ytimg.com/vi/6AxG3ZTxRNU/hqdefault.jpg,2025-11-12,1150,1200,Norse Atlantic world,lewis,medieval;games;ivory,yes,The Lewis chessmen and walrus-ivory trade
v157,premodernist,Happy Genghis Khan Day! (Why is Genghis Khan Day?),youtube,https://www.youtube.com/watch?v=uWsY8HsuahY,https://i.ytimg.com/vi/uWsY8HsuahY/hqdefault.jpg,2023-11-14,1162,1227,Mongol Empire,karakorum,mongols;biography;commemoration,yes,
v158,history-hit,"Robin Hood, Fact or Fiction?",youtube,https://www.youtube.com/watch?v=g-WW_linOZw,https://i.ytimg.com/vi/g-WW_linOZw/hqdefault.jpg,2026-08-10,1190,1400,High to Late Medieval England,nottingham,medieval;legend;england,yes,
v159,metatron,What really happened in a Medieval Inn?,youtube,https://www.youtube.com/watch?v=7rGeKDpf3xY,https://i.ytimg.com/vi/7rGeKDpf3xY/hqdefault.jpg,2026-05-14,1200,1500,Medieval Europe,,medieval;daily-life;travel,yes,
v160,archeostoria,L'isola di Pasqua. #shorts #pasqua #accaddeoggi #moai #america #oceanopacifico #isola #rapanui,reel,https://www.youtube.com/watch?v=Fm5yjDBFHnc,https://i.ytimg.com/vi/Fm5yjDBFHnc/hqdefault.jpg,2026-04-05,1200,1722,Rapa Nui,easter-island,polynesia;monuments;moai,yes,
v161,fall-of-civilizations,19. The Mongols - Terror of the Steppe,youtube,https://www.youtube.com/watch?v=PdFwMDuAnS4,https://i.ytimg.com/vi/PdFwMDuAnS4/hqdefault.jpg,2025-04-02,1206,1368,Mongol Empire,karakorum,collapse;steppe;empire,yes,
v162,premodernist,How many died in the Mongol conquests?,youtube,https://www.youtube.com/watch?v=Te7bjlB69T8,https://i.ytimg.com/vi/Te7bjlB69T8/hqdefault.jpg,2025-02-04,1206,1368,Mongol Empire,karakorum,mongols;demography;debunking,yes,
v163,stefan-milo,The Mind-blowing Scale Of Moai Building,youtube,https://www.youtube.com/watch?v=ctGz81oPNGI,https://i.ytimg.com/vi/ctGz81oPNGI/hqdefault.jpg,2026-01-07,1250,1600,Rapa Nui moai period,easter-island,polynesia;monuments;experimental-archaeology,yes,
v164,fall-of-civilizations,21. Majapahit - Empire of the Islands,youtube,https://www.youtube.com/watch?v=01CZBhZM430,https://i.ytimg.com/vi/01CZBhZM430/hqdefault.jpg,2026-07-31,1293,1527,Majapahit Empire,trowulan,collapse;southeast-asia;empire,yes,
v165,scholagladiatoria,Why Medieval Knights started using DAGGERS?,youtube,https://www.youtube.com/watch?v=Qm77G0-FRO8,https://i.ytimg.com/vi/Qm77G0-FRO8/hqdefault.jpg,2026-08-24,1300,1500,Late Medieval Europe,,arms-and-armour;medieval;weapons,yes,
v166,metatron,Plate Armor of the Medieval Knight: The Shoulders,youtube,https://www.youtube.com/watch?v=ABnWj0L3fZM,https://i.ytimg.com/vi/ABnWj0L3fZM/hqdefault.jpg,2026-09-02,1350,1500,Late Medieval Europe,,arms-and-armour;medieval;material-culture,yes,
v167,metatron,Filippo Scolari's 14th Century Sword,youtube,https://www.youtube.com/watch?v=i_CX2us4qxo,https://i.ytimg.com/vi/i_CX2us4qxo/hqdefault.jpg,2026-05-05,1369,1426,Late Medieval Italy and Hungary,,arms-and-armour;swords;biography,yes,Pippo Spano; no single place assigned
v168,scholagladiatoria,Why this NEW MOVIE about the PEASANTS REVOLT will be HORRIBLE!,youtube,https://www.youtube.com/watch?v=wNha4eMd-Sw,https://i.ytimg.com/vi/wNha4eMd-Sw/hqdefault.jpg,2026-07-16,1381,1381,Late Medieval England,london,medieval;revolt;reception,yes,
v169,metatron,Was The Frogmouth helmet good?,youtube,https://www.youtube.com/watch?v=MQ1CajL1SBk,https://i.ytimg.com/vi/MQ1CajL1SBk/hqdefault.jpg,2026-02-23,1400,1500,Late Medieval Europe,,arms-and-armour;tournament;helmets,yes,
v170,stefan-milo,Rongorongo and old wood,reel,https://www.youtube.com/watch?v=Xg6AU_VDkmA,https://i.ytimg.com/vi/Xg6AU_VDkmA/hqdefault.jpg,2025-12-16,1400,1870,Rapa Nui script,easter-island,polynesia;writing;radiocarbon,yes,
v171,time-team-classics,"Henry V’s Flagship Grace Dieu (Full Episode) | S12 EP6 | Time Team (Bursledon, Hampshire)",youtube,https://www.youtube.com/watch?v=e091ki2UIaY,https://i.ytimg.com/vi/e091ki2UIaY/hqdefault.jpg,2026-09-03,1418,1439,Late Medieval England,bursledon,medieval;ships;britain,yes,Henry V’s flagship Grace Dieu
v172,ancient-americas,The Secrets of Inca Masonry,youtube,https://www.youtube.com/watch?v=m7BqcP15auQ,https://i.ytimg.com/vi/m7BqcP15auQ/hqdefault.jpg,2026-02-26,1438,1533,Inca Empire,cusco;machu-picchu,andes;inca;masonry,yes,
v173,ancient-americas,How did the Inca build their walls? #history #indigenous #inca #stonework #masonry,reel,https://www.youtube.com/watch?v=EF9mWnjuqC0,https://i.ytimg.com/vi/EF9mWnjuqC0/hqdefault.jpg,2026-02-26,1438,1533,Inca Empire,cusco,andes;inca;masonry,yes,
v174,metatron,French Gendarms - The Heavy Armored Knights of the West,youtube,https://www.youtube.com/watch?v=xOVDZ0j9ROs,https://i.ytimg.com/vi/xOVDZ0j9ROs/hqdefault.jpg,2026-02-28,1440,1560,Late Medieval to Early Modern France,,arms-and-armour;cavalry;france,yes,
v175,ancient-americas,The Tupinambá: From the Amazon to the Coast,youtube,https://www.youtube.com/watch?v=Q1KcyEnFbzA,https://i.ytimg.com/vi/Q1KcyEnFbzA/hqdefault.jpg,2026-01-08,1500,1650,Contact-period Brazil,bahia,south-america;contact;ethnohistory,yes,
v176,prehistory-guys,Stonehenge in Art & Writing Before the 20th Century,youtube,https://www.youtube.com/watch?v=A0TajBfCv0s,https://i.ytimg.com/vi/A0TajBfCv0s/hqdefault.jpg,2026-07-25,1500,1900,Antiquarian reception,stonehenge,reception;art;britain,yes,"Period is the reception, not the monument"
v177,time-team,Henry VIII's Lost Palaces | Time Team Classic Special,youtube,https://www.youtube.com/watch?v=R8cW-6qEjd4,https://i.ytimg.com/vi/R8cW-6qEjd4/hqdefault.jpg,2026-08-02,1509,1547,Tudor England,london,tudor;palaces;britain,yes,Place is an anchor: the episode covers several lost palaces
v178,scholagladiatoria,Why did BILLS BEAT PIKES at the Battle of Flodden 1513?,youtube,https://www.youtube.com/watch?v=hlWMdpVqBNc,https://i.ytimg.com/vi/hlWMdpVqBNc/hqdefault.jpg,2026-08-13,1513,1513,Late Medieval Britain,flodden,battle;arms-and-armour;scotland,yes,
v179,kings-and-generals,The Battle That Changed the Middle East - Ottomans Broke the Mamluks,youtube,https://www.youtube.com/watch?v=MSaVL1JAoIc,https://i.ytimg.com/vi/MSaVL1JAoIc/hqdefault.jpg,2026-08-30,1516,1517,Ottoman-Mamluk War,aleppo;cairo,ottoman;battle;mamluk,yes,
v180,archeostoria,L'altro lato di Venezia: storia della comunità ebraica della Serenissima. Con @giacomocarner,youtube,https://www.youtube.com/watch?v=bQ-Q7epFCFo,https://i.ytimg.com/vi/bQ-Q7epFCFo/hqdefault.jpg,2026-02-06,1516,1797,Venetian Republic,venice,jewish-history;ghetto;italy,yes,
v181,pero-eso-es-otra-historia,"El Escorial, la gran obra del rey Felipe II #historia",reel,https://www.youtube.com/watch?v=xqJD3r756kI,https://i.ytimg.com/vi/xqJD3r756kI/hqdefault.jpg,2026-07-25,1563,1584,Spanish Habsburgs,el-escorial,early-modern;architecture;spain,yes,
v182,pero-eso-es-otra-historia,El asedio que pudo haber cambiado la historia: el ASEDIO DE MALTA #historia,reel,https://www.youtube.com/watch?v=z0qsFfXzh5E,https://i.ytimg.com/vi/z0qsFfXzh5E/hqdefault.jpg,2026-07-26,1565,1565,Ottoman-Habsburg wars,malta,early-modern;siege;mediterranean,yes,
v183,pero-eso-es-otra-historia,"El origen de la GUERRA de FLANDES o guerra de los 80 años, el considerado Vietnam español ￼",reel,https://www.youtube.com/watch?v=Q2bO7V3WoMY,https://i.ytimg.com/vi/Q2bO7V3WoMY/hqdefault.jpg,2026-07-24,1568,1648,Eighty Years War,amsterdam,early-modern;war;netherlands,yes,
v184,pero-eso-es-otra-historia,El fracaso de la ARMADA INVENCIBLE #historia #datohistorico,reel,https://www.youtube.com/watch?v=GEb2cgQWgI8,https://i.ytimg.com/vi/GEb2cgQWgI8/hqdefault.jpg,2026-07-29,1588,1588,Anglo-Spanish War,plymouth,early-modern;naval;armada,yes,
v185,le-bizarreum,Cannibalisme et premiers colons d'Amérique du Nord | Anthropologie biologique,youtube,https://www.youtube.com/watch?v=EzNO7D8HhJA,https://i.ytimg.com/vi/EzNO7D8HhJA/hqdefault.jpg,2024-05-18,1609,1610,Early colonial North America,jamestown,colonial;cannibalism;bioarchaeology,yes,
v186,pero-eso-es-otra-historia,El IMPERIO ESPAÑOL 5 🇪🇸 FELIPE IV el REY PLANETA 🇪🇸 El FIN de la HEGEMONÍA de los HABSBURGO 🇪🇸,youtube,https://www.youtube.com/watch?v=wOq1pZdAXzw,https://i.ytimg.com/vi/wOq1pZdAXzw/hqdefault.jpg,2026-08-06,1621,1665,Spanish Habsburgs,madrid,early-modern;monarchy;spain,yes,
v187,mrwissen2go-geschichte,Tulpencrash: Die erste Finanzblase der Geschichte?,reel,https://www.youtube.com/watch?v=5o6BEL_i3Bw,https://i.ytimg.com/vi/5o6BEL_i3Bw/hqdefault.jpg,2026-02-19,1634,1637,Dutch Golden Age,amsterdam,early-modern;economy;netherlands,yes,
v188,inrap,Le fort Saint-Sébastien de Louis XIV - Éclats d'archéo #5 (Version LSF),youtube,https://www.youtube.com/watch?v=BYrrffMOX_o,https://i.ytimg.com/vi/BYrrffMOX_o/hqdefault.jpg,2026-06-29,1665,1670,Early modern France,fort-saint-sebastien,early-modern;fortification;france,yes,Version LSF (langue des signes française) of the site film
v189,pero-eso-es-otra-historia,El IMPERIO ESPAÑOL 6 🇪🇸 CARLOS II el HECHIZADO 🇪🇸 El fin de los Austrias Españoles,youtube,https://www.youtube.com/watch?v=j1kVDuN9_4M,https://i.ytimg.com/vi/j1kVDuN9_4M/hqdefault.jpg,2026-08-19,1665,1700,Spanish Habsburgs,madrid,early-modern;monarchy;spain,yes,
v190,pero-eso-es-otra-historia,El Gran ASEDIO de CEUTA (1694-1727) #historia,reel,https://www.youtube.com/watch?v=wuyOF_UW-0Y,https://i.ytimg.com/vi/wuyOF_UW-0Y/hqdefault.jpg,2026-08-22,1694,1727,Early modern Morocco and Spain,ceuta,early-modern;siege;iberia,yes,
v191,mrwissen2go-geschichte,Warum Gibraltar nicht mehr zu Spanien gehört,reel,https://www.youtube.com/watch?v=xeJVqvpxJf4,https://i.ytimg.com/vi/xeJVqvpxJf4/hqdefault.jpg,2026-01-29,1704,1713,War of the Spanish Succession,gibraltar,early-modern;war;iberia,yes,
v192,kings-and-generals,How Robert Clive Retook Calcutta in 1756,reel,https://www.youtube.com/watch?v=jUOLQwyt42k,https://i.ytimg.com/vi/jUOLQwyt42k/hqdefault.jpg,2026-09-04,1756,1757,British conquest of Bengal,kolkata,colonial;battle;india,yes,
v193,mrwissen2go-geschichte,Katharina die Große: Der skrupellose Aufstieg der deutschen Zarin,youtube,https://www.youtube.com/watch?v=pZoCCbeje_g,https://i.ytimg.com/vi/pZoCCbeje_g/hqdefault.jpg,2026-06-03,1762,1796,Russian Empire,st-petersburg,early-modern;biography;russia,yes,
v194,kings-and-generals,The Lacrosse Match That Destroyed a British Fort,reel,https://www.youtube.com/watch?v=ezelSZqFCHE,https://i.ytimg.com/vi/ezelSZqFCHE/hqdefault.jpg,2026-08-19,1763,1763,Pontiac's War,fort-michilimackinac,colonial;north-america;siege,yes,
v195,nota-bene,Napoléon est né au bon moment,reel,https://www.youtube.com/watch?v=LdUZw_UDMp0,https://i.ytimg.com/vi/LdUZw_UDMp0/hqdefault.jpg,2026-08-15,1769,1821,Napoleonic era,paris,napoleonic;biography;france,yes,
v196,premodernist,What else happened in 1776,youtube,https://www.youtube.com/watch?v=nGMCowI4exk,https://i.ytimg.com/vi/nGMCowI4exk/hqdefault.jpg,2026-07-04,1776,1776,Late 18th century,,modern;global-history;1776,yes,
v197,premodernist,Why does the Electoral College exist?,youtube,https://www.youtube.com/watch?v=nUYhbcNqDvU,https://i.ytimg.com/vi/nUYhbcNqDvU/hqdefault.jpg,2025-12-12,1787,1804,Early American republic,philadelphia,modern;politics;usa,yes,
v198,premodernist,The Reluctant President: Reelecting George Washington,youtube,https://www.youtube.com/watch?v=1CSkUqMddgo,https://i.ytimg.com/vi/1CSkUqMddgo/hqdefault.jpg,2023-09-20,1792,1793,Early American republic,philadelphia,modern;politics;usa,yes,
v199,storia-ditalia,L’esercito del Regno d’Italia Napoleonico,reel,https://www.youtube.com/watch?v=msQNT7-k1lA,https://i.ytimg.com/vi/msQNT7-k1lA/hqdefault.jpg,2026-06-12,1805,1814,Napoleonic Italy,milan,napoleonic;army;italy,yes,
v200,mrwissen2go-geschichte,Von Kolonien zu Nationen: Simón Bolívar und der Kampf um Südamerika,youtube,https://www.youtube.com/watch?v=1b3SJ2z1b2I,https://i.ytimg.com/vi/1b3SJ2z1b2I/hqdefault.jpg,2026-01-08,1810,1830,Spanish American wars of independence,bogota,19th-century;independence;south-america,yes,
v201,historia-civilis,Peace...? (1814),youtube,https://www.youtube.com/watch?v=CH1oYhTigyA,https://i.ytimg.com/vi/CH1oYhTigyA/hqdefault.jpg,2021-07-18,1814,1814,Post-Napoleonic Europe,paris,napoleonic;diplomacy;europe,yes,
v202,historia-civilis,The Congress of Vienna (Part 1) (1814),youtube,https://www.youtube.com/watch?v=QtOXq9SwarQ,https://i.ytimg.com/vi/QtOXq9SwarQ/hqdefault.jpg,2022-01-29,1814,1814,Congress of Vienna,vienna,napoleonic;diplomacy;europe,yes,
v203,historia-civilis,The Congress of Vienna (Part 2) (1814 to 1815),youtube,https://www.youtube.com/watch?v=OGJHE6O7Mhk,https://i.ytimg.com/vi/OGJHE6O7Mhk/hqdefault.jpg,2022-04-02,1814,1815,Congress of Vienna,vienna,napoleonic;diplomacy;europe,yes,
v204,historia-civilis,The Year Without a Summer (1816 to 1824),youtube,https://www.youtube.com/watch?v=R0wwuj0sTyY,https://i.ytimg.com/vi/R0wwuj0sTyY/hqdefault.jpg,2024-03-16,1816,1824,Year Without a Summer,tambora,climate;volcano;19th-century,yes,"Place is the eruption source, Mt Tambora"
v205,historia-civilis,The July Revolution (1820 to 1830),youtube,https://www.youtube.com/watch?v=Qw7xXYypFQ0,https://i.ytimg.com/vi/Qw7xXYypFQ0/hqdefault.jpg,2024-11-23,1820,1830,July Revolution,paris,revolution;france;19th-century,yes,
v206,historia-civilis,Reform or Revolution? (1830 to 1832),youtube,https://www.youtube.com/watch?v=h6E4_Bcmscg,https://i.ytimg.com/vi/h6E4_Bcmscg/hqdefault.jpg,2025-08-30,1830,1832,Age of Reform,,revolution;politics;19th-century,yes,No place: subject spans Britain and France
v207,storia-ditalia,L’ASSEDIO di CARTAGENA del 1873 e l’intervento ITALIANO ,youtube,https://www.youtube.com/watch?v=Zlc0MtXezgE,https://i.ytimg.com/vi/Zlc0MtXezgE/hqdefault.jpg,2026-07-10,1873,1874,Cantonal Revolt,cartagena-spain,19th-century;siege;spain,yes,
v208,history-hit,What Do Historians Really Think of Winston Churchill?,youtube,https://www.youtube.com/watch?v=TG53cQ2-ViU,https://i.ytimg.com/vi/TG53cQ2-ViU/hqdefault.jpg,2026-08-03,1874,1965,Modern Britain,london,modern;politics;britain,yes,
v209,storia-ditalia,La battaglia di DOGALI del gennaio 1887,reel,https://www.youtube.com/watch?v=vCy-MX3CzNc,https://i.ytimg.com/vi/vCy-MX3CzNc/hqdefault.jpg,2026-05-15,1887,1887,Italian colonial Eritrea,dogali,colonial;battle;africa,yes,
v210,mrwissen2go-geschichte,Der Boxeraufstand: Acht Kolonialmächte gegen China,youtube,https://www.youtube.com/watch?v=3ZbKzL8od8s,https://i.ytimg.com/vi/3ZbKzL8od8s/hqdefault.jpg,2026-03-26,1899,1901,Boxer Rebellion,beijing,colonial;uprising;china,yes,
v211,storia-ditalia,La battaglia di Tientsin e la RIBELLIONE dei BOXER,youtube,https://www.youtube.com/watch?v=Ucr1DDRrTts,https://i.ytimg.com/vi/Ucr1DDRrTts/hqdefault.jpg,2026-08-21,1900,1900,Boxer Rebellion,tianjin,colonial;battle;china,yes,
v212,storia-ditalia,L'intervento italiano nel Venezuela nel 1903 (BLOCCO NAVALE),reel,https://www.youtube.com/watch?v=6sxJR34MvV4,https://i.ytimg.com/vi/6sxJR34MvV4/hqdefault.jpg,2026-05-08,1902,1903,Venezuela crisis,caracas,colonial;naval;south-america,yes,
v213,terra-x-history,Der Diebstahl der Mona Lisa | Terra X,reel,https://www.youtube.com/watch?v=gdvg1z1hyr4,https://i.ytimg.com/vi/gdvg1z1hyr4/hqdefault.jpg,2026-08-21,1911,1913,Belle Epoque France,paris,modern;art-theft;france,yes,
v214,le-bizarreum,Mourir au combat : la bataille de la Somme,youtube,https://www.youtube.com/watch?v=6UcXvQeu4eQ,https://i.ytimg.com/vi/6UcXvQeu4eQ/hqdefault.jpg,2024-06-29,1916,1916,First World War,somme,ww1;death;france,yes,
v215,kings-and-generals,Fall of Jerusalem - How Britain Broke the Ottoman Front,youtube,https://www.youtube.com/watch?v=Rk7QV9Gto-c,https://i.ytimg.com/vi/Rk7QV9Gto-c/hqdefault.jpg,2026-08-23,1917,1917,First World War,jerusalem,ww1;campaign;ottoman,yes,
v216,le-bizarreum,Morts sur l'Everest : l'Affaire Mallory et Irvine | Mini documentaire,youtube,https://www.youtube.com/watch?v=dfn11VPNxic,https://i.ytimg.com/vi/dfn11VPNxic/hqdefault.jpg,2022-12-09,1924,1924,Interwar mountaineering,everest,modern;death;mountaineering,yes,
v217,history-hit,WW2 Expert Answers Hitler Questions,youtube,https://www.youtube.com/watch?v=jX_RENRrglo,https://i.ytimg.com/vi/jX_RENRrglo/hqdefault.jpg,2026-09-03,1933,1945,Nazi Germany,berlin,ww2;politics;germany,yes,
v218,revues-du-monde,Comment HItler a presque trouvé l'Atlantide,youtube,https://www.youtube.com/watch?v=TQdn2lon-jw,https://i.ytimg.com/vi/TQdn2lon-jw/hqdefault.jpg,2025-12-14,1933,1945,Nazi Germany,berlin,debunking;pseudo-archaeology;germany,yes,
v219,kings-and-generals,Why the Pope Stayed Silent - Vatican Wouldn’t Condemn Hitler,youtube,https://www.youtube.com/watch?v=t5hhOOMUjZQ,https://i.ytimg.com/vi/t5hhOOMUjZQ/hqdefault.jpg,2026-08-27,1939,1945,Second World War,vatican,ww2;religion;politics,yes,
v220,time-team-classics,"The Bombers in the Marsh (Full Episode) | S12 EP3 | Time Team (Warton, Lancashire)",youtube,https://www.youtube.com/watch?v=8C_Sa4xe1_s,https://i.ytimg.com/vi/8C_Sa4xe1_s/hqdefault.jpg,2026-08-13,1939,1945,Second World War,warton,ww2;aviation;britain,yes,
v221,time-team-classics,"Blitzkrieg on Shooter's Hill (Full Episode) | S15 EP6 | Time Team (Shooter’s Hill, South London)",youtube,https://www.youtube.com/watch?v=XQsYrhma_UM,https://i.ytimg.com/vi/XQsYrhma_UM/hqdefault.jpg,2026-08-30,1940,1941,Second World War,shooters-hill,ww2;home-front;britain,yes,
v222,history-hit,D-Day: The Final 72 Hours | As It Happened,youtube,https://www.youtube.com/watch?v=2tZUtNJBuZ0,https://i.ytimg.com/vi/2tZUtNJBuZ0/hqdefault.jpg,2026-08-27,1944,1944,Second World War,normandy-beaches,ww2;invasion;france,yes,
v223,inrap,Les traces du Débarquement de juin 1944 à Blainville-sur-Orne - Éclats d'archéo #9 (Version LSF),youtube,https://www.youtube.com/watch?v=S3c0oAsT9JY,https://i.ytimg.com/vi/S3c0oAsT9JY/hqdefault.jpg,2026-06-29,1944,1944,Second World War,blainville-sur-orne,ww2;dday;france,yes,Version LSF (langue des signes française) of the site film
v224,damilee,The Densest City In The World Had a Strange Secret...,youtube,https://www.youtube.com/watch?v=hoNclh1K_zY,https://i.ytimg.com/vi/hoNclh1K_zY/hqdefault.jpg,2024-09-21,1945,1994,Kowloon Walled City,kowloon-walled-city,urbanism;density;hong-kong,yes,"Subject confirmed from the description, which credits a Kowloon Walled City photo book. Span runs from the post-war growth of the settlement to its demolition."
v225,kings-and-generals,Sudan’s Three Civil Wars Explained,youtube,https://www.youtube.com/watch?v=8bHCPc-hZWQ,https://i.ytimg.com/vi/8bHCPc-hZWQ/hqdefault.jpg,2026-09-01,1955,2023,Modern Sudan,khartoum,modern;civil-war;africa,yes,
